0s,0.0966,0.111,0.1154,0.0967,0.0966,0.1103,0.1142,0.097,0.098,0.1139,0.1216,0.098,0.1154,0.1121,0.1143,0.1145,0.1145,0.1144,0.1147,0.1282,0.1163,0.1141,0.116,0.1153,0.1147,0.1101,0.1163,0.1151,0.1178,0.1121,0.1237,0.1156,0.1144,0.1137,0.1153,0.1136,0.1088,0.1207,0.1212,0.1482,0.1199,0.1129,0.12,0.1195,0.1257,0.1404,0.1218,0.1204,0.1163,0.1152,0.1151,0.1149,0.1151,0.1199,0.1114,0.1173,0.1178,0.1149,0.1112,0.1121,0.1088,0.1187,0.1186,0.1206,0.1081,0.1156,0.1129,0.1237,0.1127,0.1154,0.1136,0.1138,0.1269,0.1152,0.1173,0.1181,0.116,0.1151,0.1117,0.1162,0.119,0.1119,0.1156,0.1198,0.0969,0.1157,0.1261,0.0981,0.0975,0.1141,0.1158,0.0981,0.0967,0.1133,0.1148,0.1026
601s,0.0962,0.1112,0.1157,0.0965,0.0963,0.1107,0.1143,0.0967,0.0978,0.1144,0.122,0.0974,0.1154,0.1126,0.1144,0.115,0.1144,0.1147,0.1148,0.1284,0.1164,0.1144,0.116,0.1156,0.1149,0.1105,0.1167,0.1155,0.1182,0.1125,0.1239,0.1159,0.1148,0.1139,0.1152,0.1138,0.1091,0.1203,0.1216,0.1465,0.1198,0.1131,0.1205,0.1196,0.1253,0.1399,0.1223,0.1195,0.1165,0.115,0.1147,0.1154,0.1152,0.1197,0.1115,0.1173,0.1181,0.1152,0.1112,0.1123,0.1088,0.119,0.1192,0.1206,0.108,0.1156,0.1131,0.1244,0.1126,0.1157,0.1135,0.1137,0.1264,0.1158,0.1173,0.1187,0.1167,0.1149,0.1114,0.1165,0.1195,0.1119,0.1164,0.12,0.0966,0.1158,0.1261,0.0978,0.097,0.1142,0.1159,0.0979,0.0965,0.1134,0.1149,0.1016
1201s,0.0963,0.1126,0.118,0.0967,0.0963,0.1121,0.1159,0.0967,0.0977,0.116,0.124,0.0974,0.1173,0.1146,0.1159,0.117,0.1158,0.1162,0.1165,0.1304,0.1184,0.1162,0.1176,0.118,0.116,0.1123,0.1183,0.1171,0.1197,0.114,0.1258,0.1176,0.1164,0.1153,0.1168,0.1159,0.1102,0.1215,0.1238,0.1519,0.121,0.1145,0.1227,0.1211,0.127,0.1419,0.1248,0.1202,0.1181,0.1166,0.1153,0.1165,0.1178,0.1216,0.1121,0.1188,0.1197,0.117,0.1118,0.1137,0.1093,0.1207,0.1205,0.1216,0.1084,0.1175,0.1146,0.126,0.1136,0.1173,0.1147,0.1146,0.1282,0.1171,0.1179,0.1197,0.1177,0.1164,0.1119,0.1177,0.1205,0.1127,0.1171,0.1216,0.0966,0.1171,0.1274,0.0978,0.097,0.1151,0.117,0.0978,0.0964,0.1142,0.116,0.1019
1801s,0.0963,0.1152,0.1215,0.0967,0.0963,0.1145,0.1185,0.0966,0.0977,0.1185,0.1272,0.0975,0.1196,0.1179,0.118,0.1202,0.1182,0.1187,0.1198,0.1328,0.1211,0.1195,0.1205,0.1217,0.1182,0.115,0.1207,0.1197,0.122,0.1166,0.1288,0.1206,0.1195,0.1177,0.1193,0.1195,0.1123,0.1237,0.1265,0.1521,0.1226,0.1176,0.1266,0.124,0.1289,0.1449,0.1287,0.1228,0.1208,0.1191,0.1167,0.1189,0.1204,0.1244,0.1132,0.1208,0.1226,0.12,0.1129,0.1163,0.1098,0.1235,0.1222,0.1234,0.1087,0.1201,0.1167,0.1283,0.1141,0.12,0.1173,0.1171,0.1295,0.119,0.1189,0.1214,0.1199,0.1181,0.1126,0.1196,0.1223,0.1142,0.119,0.1237,0.0966,0.1183,0.1295,0.0977,0.097,0.1165,0.1191,0.0978,0.0964,0.1157,0.1179,0.1022
2401s,0.0963,0.1187,0.1269,0.0964,0.0963,0.1179,0.1228,0.0966,0.0976,0.1225,0.1323,0.0973,0.1232,0.1228,0.1217,0.1247,0.1219,0.1226,0.1242,0.1388,0.1259,0.1243,0.1254,0.127,0.1237,0.1191,0.1249,0.1237,0.1258,0.1204,0.1336,0.1252,0.1245,0.1216,0.1234,0.1249,0.1153,0.1272,0.1319,0.1562,0.1258,0.1218,0.1327,0.1287,0.1323,0.1486,0.1352,0.1273,0.1253,0.1231,0.1183,0.1227,0.1251,0.1288,0.1147,0.1247,0.1271,0.1246,0.1151,0.1207,0.1104,0.1276,0.1254,0.1265,0.1094,0.1245,0.1202,0.132,0.1152,0.1244,0.1219,0.1206,0.1308,0.1215,0.1205,0.1239,0.1224,0.1205,0.1141,0.1223,0.1248,0.1162,0.1211,0.1269,0.0966,0.1205,0.1326,0.0977,0.0968,0.1188,0.1215,0.0978,0.0963,0.1176,0.1211,0.1023
3001s,0.0963,0.1238,0.1344,0.0964,0.0963,0.1227,0.1291,0.0965,0.0975,0.1282,0.1395,0.0972,0.1286,0.1299,0.1271,0.1325,0.1275,0.1285,0.131,0.1458,0.1327,0.1316,0.1319,0.1342,0.1279,0.1246,0.131,0.1295,0.1311,0.126,0.1405,0.1326,0.1318,0.1278,0.1296,0.1313,0.1193,0.1311,0.1385,0.162,0.1293,0.1278,0.1421,0.135,0.1363,0.1543,0.1445,0.1326,0.1314,0.1286,0.1208,0.1281,0.132,0.1347,0.1167,0.1296,0.1337,0.1313,0.1177,0.127,0.1114,0.133,0.1296,0.1307,0.1103,0.1304,0.1252,0.1376,0.1166,0.1307,0.1268,0.1259,0.1333,0.1249,0.1228,0.1273,0.1257,0.1235,0.1158,0.1262,0.1282,0.1195,0.1239,0.1306,0.0967,0.123,0.1359,0.0976,0.0969,0.1214,0.1254,0.0978,0.0963,0.1203,0.1246,0.1026
3601s,0.0963,0.1304,0.1441,0.0964,0.0963,0.1288,0.1377,0.0965,0.0975,0.1355,0.1494,0.0971,0.136,0.1395,0.1346,0.1408,0.1361,0.1363,0.1398,0.1545,0.1422,0.1411,0.1415,0.1429,0.1351,0.1317,0.1388,0.137,0.1383,0.1331,0.1496,0.1427,0.1414,0.136,0.1381,0.1397,0.1246,0.1372,0.148,0.1701,0.1355,0.1356,0.155,0.144,0.1427,0.1619,0.1576,0.1393,0.139,0.136,0.123,0.1353,0.1414,0.1435,0.119,0.1365,0.143,0.1406,0.12,0.1348,0.1123,0.1401,0.1356,0.1359,0.1116,0.1385,0.1319,0.1443,0.1174,0.1394,0.1332,0.1332,0.1373,0.1285,0.1252,0.1313,0.13,0.1278,0.1183,0.1311,0.1327,0.1236,0.1276,0.1352,0.0966,0.1262,0.1402,0.0976,0.0968,0.1247,0.1302,0.0977,0.0962,0.1233,0.1294,0.102
4201s,0.0962,0.1385,0.1561,0.0963,0.0963,0.1365,0.1486,0.0965,0.0975,0.1452,0.1622,0.0971,0.145,0.1513,0.1441,0.1522,0.1475,0.1471,0.1513,0.1662,0.1544,0.1529,0.1538,0.1544,0.1435,0.1401,0.1488,0.146,0.1472,0.1423,0.1614,0.1556,0.1537,0.1467,0.1496,0.1507,0.1309,0.1453,0.16,0.1811,0.1424,0.1453,0.1708,0.1554,0.152,0.1723,0.1744,0.1489,0.1481,0.1456,0.1257,0.1436,0.1529,0.154,0.1218,0.1449,0.1548,0.1518,0.1232,0.1439,0.1138,0.1498,0.1422,0.1442,0.1133,0.1481,0.14,0.1536,0.1192,0.1499,0.1415,0.1431,0.1407,0.134,0.1284,0.1362,0.1352,0.1324,0.1204,0.1371,0.1383,0.1299,0.1315,0.1413,0.0966,0.1295,0.1461,0.0975,0.0967,0.1286,0.1359,0.0976,0.0963,0.127,0.1353,0.1021
4800s,0.0962,0.1494,0.1715,0.0963,0.0963,0.1466,0.1639,0.0964,0.0974,0.1594,0.1791,0.097,0.1571,0.1662,0.156,0.1678,0.1617,0.1623,0.1656,0.1803,0.1704,0.1683,0.1699,0.1698,0.1544,0.1509,0.161,0.157,0.1596,0.1538,0.1756,0.171,0.1687,0.1607,0.1645,0.1661,0.1394,0.1544,0.175,0.1953,0.1488,0.1579,0.1903,0.1703,0.1614,0.1845,0.1952,0.1599,0.1592,0.1578,0.1285,0.1537,0.1686,0.1658,0.1253,0.1553,0.1704,0.1667,0.1269,0.1536,0.1155,0.1616,0.151,0.1539,0.1157,0.1606,0.1509,0.1652,0.1215,0.164,0.1525,0.1571,0.1449,0.1406,0.1321,0.1417,0.1416,0.1383,0.1233,0.1439,0.1458,0.1366,0.1366,0.1489,0.0966,0.1335,0.1526,0.0975,0.0968,0.1331,0.1435,0.0977,0.0962,0.1312,0.1426,0.1023
5400s,0.0961,0.1633,0.1911,0.0963,0.0963,0.1598,0.1838,0.0965,0.0974,0.1791,0.2008,0.0971,0.173,0.1847,0.1723,0.1887,0.1803,0.1817,0.1833,0.1986,0.1908,0.1882,0.1904,0.1916,0.1678,0.1655,0.1768,0.1716,0.1758,0.1686,0.1945,0.1906,0.1876,0.1785,0.1844,0.1871,0.1496,0.1654,0.1948,0.2135,0.1614,0.1737,0.2147,0.1913,0.1737,0.2001,0.2212,0.1754,0.1733,0.1743,0.1315,0.1657,0.188,0.1792,0.1293,0.1687,0.1904,0.1856,0.1317,0.1652,0.1174,0.1759,0.162,0.1666,0.1182,0.1768,0.1637,0.1811,0.1252,0.1816,0.1658,0.1734,0.1538,0.148,0.1365,0.148,0.1499,0.1454,0.1267,0.1519,0.1559,0.1446,0.1437,0.1578,0.0965,0.1376,0.1612,0.0975,0.0967,0.1381,0.154,0.0976,0.0962,0.136,0.1518,0.1024
6000s,0.0961,0.1897,0.2158,0.0963,0.0963,0.177,0.2074,0.0964,0.0974,0.2048,0.227,0.0972,0.1943,0.2069,0.1932,0.2149,0.2029,0.207,0.2057,0.2211,0.2158,0.2122,0.2149,0.2174,0.1847,0.1847,0.1983,0.1911,0.1965,0.1888,0.217,0.2156,0.2106,0.1998,0.208,0.2114,0.1632,0.1819,0.2208,0.2385,0.1755,0.1934,0.2435,0.2172,0.19,0.2193,0.2493,0.1931,0.1909,0.1957,0.1363,0.1815,0.2109,0.1963,0.1346,0.1859,0.2144,0.2086,0.1379,0.1809,0.1199,0.1952,0.1769,0.1866,0.1213,0.1993,0.1806,0.2015,0.1309,0.2036,0.1829,0.1928,0.1617,0.1579,0.1419,0.1563,0.1619,0.1555,0.1317,0.162,0.1705,0.1535,0.1517,0.1675,0.0966,0.1426,0.1722,0.0975,0.0968,0.1446,0.1689,0.0975,0.0962,0.1419,0.1634,0.1017
6600s,0.0961,0.2183,0.2463,0.0963,0.0962,0.1982,0.2368,0.0964,0.0974,0.2345,0.2591,0.0971,0.2215,0.2341,0.2203,0.2455,0.2289,0.2376,0.2327,0.2485,0.2462,0.2409,0.2425,0.2462,0.2064,0.2073,0.2245,0.2179,0.2228,0.2136,0.2454,0.2448,0.2383,0.2248,0.2353,0.2401,0.1806,0.2038,0.2538,0.2679,0.1921,0.2177,0.279,0.2443,0.2095,0.2438,0.2807,0.2162,0.2168,0.2223,0.1419,0.2011,0.2384,0.2219,0.1414,0.207,0.2423,0.2361,0.1454,0.2007,0.1226,0.2201,0.1958,0.2131,0.1254,0.227,0.2022,0.2257,0.1362,0.2301,0.2037,0.2178,0.1717,0.1712,0.1488,0.1675,0.1769,0.1681,0.1382,0.1739,0.189,0.1654,0.1627,0.1801,0.0965,0.1486,0.1858,0.0975,0.0967,0.1526,0.1854,0.0975,0.0962,0.1487,0.1767,0.1023
7200s,0.0961,0.2465,0.2745,0.0962,0.0963,0.2233,0.2667,0.0964,0.0974,0.2633,0.2866,0.0972,0.2493,0.2618,0.2489,0.2727,0.2557,0.2661,0.2604,0.2766,0.2761,0.2694,0.2694,0.2758,0.2311,0.2341,0.253,0.2468,0.2508,0.2403,0.2736,0.2724,0.2655,0.2508,0.2631,0.2672,0.2016,0.2283,0.2837,0.298,0.2152,0.2442,0.3123,0.2749,0.2296,0.2691,0.311,0.2395,0.2444,0.25,0.1491,0.2235,0.2668,0.2504,0.1495,0.2322,0.2701,0.2638,0.154,0.2241,0.1258,0.2485,0.2172,0.2436,0.1305,0.2554,0.2268,0.2534,0.1407,0.2579,0.2277,0.2441,0.1826,0.186,0.157,0.1814,0.1931,0.1826,0.1465,0.1885,0.2092,0.1782,0.175,0.1949,0.0965,0.1559,0.202,0.0974,0.0966,0.1613,0.2033,0.0975,0.0962,0.1571,0.1905,0.1021
7800s,0.0961,0.2755,0.3057,0.0962,0.0963,0.2501,0.297,0.0963,0.0973,0.2973,0.3198,0.0972,0.2817,0.2936,0.2791,0.3034,0.2826,0.2995,0.2906,0.3091,0.3114,0.303,0.2998,0.3099,0.261,0.2617,0.2838,0.2794,0.283,0.271,0.3082,0.3049,0.2957,0.2799,0.294,0.3002,0.225,0.2563,0.3123,0.3313,0.2411,0.2725,0.3402,0.31,0.2558,0.298,0.335,0.2731,0.2776,0.2807,0.1579,0.2477,0.2971,0.2837,0.1596,0.2588,0.3009,0.2945,0.1655,0.248,0.1299,0.2815,0.2415,0.2725,0.1362,0.2863,0.2528,0.2824,0.1463,0.2882,0.2528,0.27,0.196,0.2038,0.1682,0.198,0.2125,0.1998,0.1577,0.2059,0.2331,0.1934,0.1908,0.2122,0.0964,0.164,0.2212,0.0974,0.0966,0.1714,0.2239,0.0975,0.0962,0.1669,0.2072,0.102
8400s,0.0961,0.3063,0.3272,0.0962,0.0963,0.2823,0.3191,0.0964,0.0974,0.3349,0.3436,0.0973,0.3107,0.3212,0.3097,0.3344,0.3152,0.3276,0.3214,0.3418,0.3441,0.3326,0.3342,0.3405,0.2924,0.2925,0.3164,0.3107,0.3185,0.304,0.3427,0.3363,0.3265,0.3114,0.3301,0.329,0.25,0.288,0.3314,0.3637,0.2666,0.3043,0.3647,0.3464,0.2906,0.3307,0.3558,0.3081,0.3064,0.3102,0.1672,0.2733,0.3277,0.3177,0.1712,0.2874,0.3342,0.3238,0.1787,0.2746,0.1343,0.315,0.268,0.305,0.1434,0.3208,0.2818,0.3147,0.1529,0.32,0.2795,0.2998,0.2121,0.2229,0.1821,0.2168,0.2328,0.2204,0.1712,0.2255,0.2563,0.2104,0.2084,0.232,0.0964,0.1738,0.2417,0.0973,0.0966,0.1841,0.245,0.0975,0.0962,0.1789,0.2282,0.1018
9000s,0.0961,0.3308,0.3449,0.0962,0.0962,0.3091,0.3386,0.0963,0.0973,0.3673,0.3675,0.0974,0.3322,0.3435,0.3322,0.3595,0.3394,0.3495,0.3426,0.3695,0.3699,0.3561,0.3619,0.3659,0.3173,0.3152,0.3421,0.3394,0.3479,0.333,0.3693,0.366,0.3503,0.3379,0.3553,0.3544,0.278,0.3151,0.3547,0.3869,0.2968,0.3351,0.3944,0.3725,0.329,0.363,0.38,0.337,0.3276,0.3326,0.1783,0.3032,0.3511,0.3417,0.1846,0.3224,0.3596,0.3456,0.1943,0.3043,0.1397,0.3426,0.2971,0.335,0.151,0.35,0.3133,0.3455,0.1605,0.3448,0.311,0.3267,0.227,0.243,0.1953,0.236,0.2534,0.2419,0.1845,0.2447,0.2803,0.2282,0.2298,0.2535,0.0964,0.185,0.2639,0.0972,0.0965,0.1978,0.268,0.0975,0.0962,0.1951,0.2553,0.1027
9600s,0.0961,0.3557,0.3658,0.0962,0.0962,0.3357,0.3618,0.0963,0.0973,0.3975,0.3938,0.0975,0.3591,0.3686,0.3577,0.3871,0.3658,0.3751,0.366,0.3966,0.3984,0.3841,0.3883,0.3916,0.346,0.3391,0.3694,0.3701,0.3767,0.3595,0.3995,0.3942,0.3751,0.3603,0.3783,0.3785,0.3015,0.3408,0.3813,0.4184,0.3258,0.362,0.4269,0.399,0.3634,0.3894,0.4045,0.3668,0.3493,0.3612,0.1918,0.3294,0.3784,0.3721,0.2005,0.3502,0.3841,0.3679,0.2125,0.3287,0.1457,0.3707,0.3222,0.3637,0.1596,0.3775,0.3401,0.3713,0.1693,0.3657,0.3379,0.3481,0.2478,0.2674,0.2122,0.2614,0.2781,0.2679,0.2037,0.2696,0.3056,0.2499,0.2524,0.2771,0.0964,0.1978,0.2914,0.0973,0.0965,0.2143,0.294,0.0975,0.0962,0.2144,0.2857,0.1023
10200s,0.096,0.3727,0.3829,0.0964,0.0963,0.3617,0.3797,0.0963,0.0972,0.4232,0.4171,0.0975,0.3861,0.3924,0.3835,0.4158,0.3966,0.4034,0.3876,0.4212,0.4244,0.4111,0.4146,0.4163,0.3754,0.3632,0.3986,0.401,0.4077,0.3851,0.4306,0.4213,0.4001,0.3841,0.4028,0.4027,0.3249,0.3679,0.4051,0.4533,0.3548,0.3902,0.4566,0.4234,0.3941,0.4143,0.4294,0.395,0.3686,0.3889,0.2073,0.3545,0.4093,0.4065,0.218,0.3717,0.4079,0.3903,0.2314,0.3502,0.1525,0.4014,0.3458,0.3948,0.1685,0.4049,0.3668,0.3974,0.1785,0.391,0.3609,0.3709,0.2727,0.2945,0.2306,0.2875,0.3034,0.2962,0.2251,0.2935,0.3271,0.275,0.2774,0.302,0.0963,0.2137,0.3193,0.0973,0.0966,0.2329,0.3186,0.0975,0.0962,0.237,0.3172,0.1021
10800s,0.096,0.3931,0.4027,0.0964,0.0964,0.3939,0.395,0.0963,0.0973,0.4468,0.4412,0.0978,0.4106,0.4093,0.403,0.4392,0.4262,0.4286,0.3979,0.4444,0.4446,0.4325,0.4412,0.4382,0.4022,0.3867,0.4254,0.4295,0.4423,0.4093,0.4619,0.4448,0.4195,0.405,0.4257,0.4192,0.3547,0.3988,0.4233,0.4774,0.3842,0.4226,0.4669,0.4418,0.4212,0.437,0.4527,0.4199,0.3847,0.4171,0.2238,0.3822,0.4384,0.441,0.236,0.3949,0.4246,0.4104,0.2502,0.3697,0.1602,0.4284,0.3734,0.4275,0.18,0.4307,0.3938,0.4234,0.1893,0.4139,0.3857,0.3902,0.2984,0.3216,0.2513,0.3178,0.3281,0.3246,0.2464,0.3226,0.3453,0.2987,0.3021,0.3294,0.0963,0.2353,0.3468,0.0973,0.0966,0.2553,0.3406,0.0975,0.0962,0.2651,0.3471,0.1019
11400s,0.0961,0.409,0.4213,0.0964,0.0964,0.4177,0.4088,0.0963,0.0972,0.4623,0.4587,0.0981,0.4226,0.4179,0.4126,0.4526,0.4515,0.4543,0.4012,0.4617,0.4581,0.4507,0.4684,0.456,0.4117,0.4057,0.4478,0.4481,0.469,0.4328,0.4882,0.4663,0.4345,0.4241,0.448,0.4374,0.369,0.4203,0.4323,0.4874,0.3938,0.4534,0.4494,0.452,0.4433,0.4519,0.4728,0.4428,0.392,0.4433,0.2428,0.4127,0.4562,0.4699,0.2573,0.4159,0.4367,0.4265,0.2719,0.3917,0.1688,0.4447,0.4011,0.458,0.1918,0.4508,0.4202,0.4443,0.2023,0.433,0.4102,0.4094,0.3219,0.3502,0.2748,0.3481,0.3435,0.3528,0.2701,0.3483,0.3578,0.3205,0.3277,0.3537,0.0963,0.2601,0.366,0.0972,0.0966,0.2788,0.3559,0.0974,0.0962,0.2951,0.3769,0.1021
12000s,0.096,0.4299,0.4336,0.0964,0.0964,0.4136,0.4289,0.0962,0.0972,0.4793,0.4786,0.0983,0.4361,0.4387,0.42,0.4627,0.4501,0.4831,0.3999,0.4763,0.4744,0.4563,0.4922,0.4804,0.4266,0.4172,0.4655,0.4491,0.475,0.449,0.4926,0.4865,0.4419,0.431,0.4686,0.4557,0.3718,0.4373,0.4408,0.4801,0.3965,0.4628,0.4411,0.4613,0.4579,0.4638,0.4899,0.4616,0.4029,0.4559,0.2636,0.4262,0.4614,0.4856,0.2768,0.4219,0.452,0.4338,0.2922,0.4102,0.1787,0.4578,0.4201,0.4723,0.2048,0.4612,0.4285,0.4579,0.2156,0.4402,0.4331,0.4259,0.3539,0.3673,0.3002,0.3721,0.3355,0.3779,0.2987,0.371,0.3666,0.3441,0.3496,0.3723,0.0963,0.2877,0.3788,0.0971,0.0965,0.3038,0.3563,0.0974,0.0962,0.3287,0.4067,0.1021
12600s,0.096,0.4427,0.4474,0.0964,0.0965,0.4293,0.4487,0.0963,0.0973,0.4997,0.4965,0.0987,0.4472,0.4527,0.437,0.469,0.4572,0.4913,0.4272,0.4921,0.4914,0.468,0.5124,0.4972,0.4413,0.4272,0.4816,0.4483,0.4622,0.4688,0.4824,0.5009,0.4524,0.437,0.488,0.4727,0.3887,0.449,0.4541,0.4766,0.4036,0.4502,0.4694,0.4755,0.4587,0.4728,0.5103,0.4769,0.4226,0.4575,0.2797,0.423,0.4663,0.4918,0.2932,0.4176,0.4668,0.4431,0.3088,0.427,0.1901,0.4724,0.4215,0.4782,0.2191,0.4721,0.4244,0.4694,0.2302,0.4289,0.4576,0.4468,0.3775,0.3751,0.3266,0.3995,0.3504,0.3815,0.3265,0.393,0.376,0.3688,0.3731,0.3903,0.0963,0.3169,0.3871,0.0972,0.0966,0.3312,0.358,0.0975,0.0963,0.3564,0.4054,0.1019
13200s,0.096,0.4695,0.4672,0.0963,0.0965,0.4495,0.4676,0.0963,0.0972,0.5219,0.5248,0.0991,0.4653,0.4729,0.4605,0.4798,0.4541,0.518,0.4593,0.5041,0.5023,0.4802,0.5282,0.5218,0.4594,0.4399,0.495,0.4544,0.4614,0.4825,0.4767,0.5125,0.4685,0.4459,0.5072,0.4894,0.4049,0.452,0.4772,0.4983,0.4255,0.4452,0.4853,0.4967,0.4635,0.4831,0.5206,0.4882,0.449,0.4677,0.2931,0.408,0.476,0.5028,0.3071,0.417,0.4831,0.4615,0.322,0.4426,0.2011,0.478,0.4404,0.4798,0.2337,0.4717,0.4293,0.4792,0.2461,0.4425,0.472,0.4572,0.3905,0.3789,0.345,0.4243,0.3696,0.3742,0.3513,0.4161,0.3842,0.389,0.3916,0.4048,0.0963,0.3431,0.3933,0.0972,0.0966,0.3543,0.3801,0.0975,0.0962,0.3761,0.4319,0.1025
13800s,0.096,0.4924,0.4844,0.0961,0.0967,0.4736,0.49,0.0962,0.0972,0.542,0.543,0.0996,0.483,0.4856,0.4814,0.4966,0.4702,0.5303,0.4788,0.5209,0.5111,0.4888,0.543,0.5417,0.4832,0.4641,0.501,0.477,0.4788,0.5014,0.4897,0.5239,0.4832,0.4669,0.5263,0.5031,0.4246,0.4739,0.4939,0.5168,0.4425,0.4618,0.4999,0.5135,0.4699,0.5013,0.5308,0.4979,0.4767,0.4902,0.3092,0.4198,0.4923,0.4944,0.3214,0.4237,0.4966,0.4751,0.3377,0.4554,0.215,0.4914,0.4455,0.49,0.2506,0.4875,0.4384,0.4976,0.2638,0.4731,0.4836,0.4747,0.4002,0.3919,0.3661,0.4546,0.3931,0.3828,0.3737,0.4419,0.4049,0.4068,0.4091,0.4181,0.0964,0.3656,0.4136,0.0971,0.0965,0.3808,0.406,0.0974,0.0963,0.3939,0.4545,0.1023
14400s,0.096,0.5143,0.4963,0.0962,0.0968,0.4948,0.4959,0.0962,0.0972,0.5519,0.5579,0.1002,0.4985,0.4983,0.496,0.5067,0.4884,0.5313,0.4929,0.5293,0.5197,0.4968,0.5471,0.5562,0.497,0.4836,0.5079,0.4937,0.4963,0.5109,0.4974,0.5331,0.4923,0.4884,0.5336,0.5142,0.4539,0.4918,0.5061,0.5311,0.4569,0.4774,0.5118,0.5214,0.4863,0.515,0.5302,0.5085,0.4931,0.5066,0.3231,0.4423,0.5072,0.5004,0.3355,0.4418,0.5069,0.4894,0.3538,0.4768,0.2272,0.5051,0.4585,0.4953,0.2662,0.502,0.4682,0.5035,0.2805,0.489,0.4929,0.4869,0.4216,0.4123,0.3649,0.4799,0.413,0.4039,0.3919,0.4653,0.4286,0.4272,0.4314,0.4297,0.0963,0.3897,0.4368,0.0971,0.0966,0.4052,0.4283,0.0975,0.0962,0.4174,0.4621,0.1022
15000s,0.096,0.5259,0.5109,0.0962,0.0969,0.5052,0.5039,0.0963,0.0972,0.5631,0.5734,0.1009,0.5127,0.5151,0.5099,0.5194,0.501,0.5417,0.5083,0.538,0.5317,0.5103,0.5546,0.5675,0.5099,0.4975,0.5116,0.5106,0.5091,0.5244,0.5066,0.5408,0.5045,0.5003,0.5422,0.5251,0.4741,0.5057,0.5193,0.544,0.4708,0.4944,0.5247,0.5333,0.4946,0.5233,0.5362,0.5228,0.5091,0.5196,0.338,0.4686,0.5226,0.5112,0.3507,0.4622,0.5189,0.5014,0.3697,0.4937,0.2376,0.5201,0.4764,0.5069,0.2812,0.515,0.4885,0.5114,0.2937,0.5036,0.508,0.5012,0.449,0.4353,0.3835,0.4891,0.4336,0.4288,0.3939,0.4651,0.4521,0.44,0.4368,0.4491,0.0964,0.4144,0.461,0.0972,0.0966,0.4266,0.452,0.0975,0.0963,0.4381,0.4874,0.1018
15600s,0.096,0.5404,0.5279,0.0963,0.097,0.5107,0.5181,0.0962,0.0971,0.5665,0.5801,0.1018,0.5278,0.5271,0.5243,0.5304,0.5133,0.5421,0.5168,0.545,0.5369,0.5197,0.5604,0.5763,0.5247,0.512,0.5208,0.5215,0.5245,0.5307,0.5161,0.5477,0.5157,0.5125,0.5491,0.5338,0.4879,0.5167,0.5304,0.5521,0.4822,0.5049,0.5323,0.5429,0.4983,0.5302,0.5405,0.5314,0.5275,0.5338,0.3503,0.4861,0.5351,0.5251,0.3569,0.4738,0.529,0.5137,0.3884,0.5016,0.2479,0.5357,0.4874,0.5217,0.2932,0.5303,0.5037,0.5236,0.3084,0.5196,0.5085,0.5158,0.4768,0.4579,0.4052,0.4837,0.4547,0.4555,0.3803,0.4774,0.476,0.4342,0.4478,0.4582,0.0964,0.4299,0.4875,0.0972,0.0965,0.4298,0.4762,0.0974,0.0963,0.4554,0.4936,0.1022
16200s,0.096,0.559,0.54,0.0963,0.0971,0.5241,0.5279,0.0962,0.0972,0.5779,0.5908,0.103,0.5405,0.537,0.5356,0.5427,0.5227,0.5434,0.5202,0.5508,0.5433,0.5278,0.5643,0.5842,0.5378,0.5261,0.531,0.5372,0.5372,0.5393,0.5257,0.5561,0.5271,0.528,0.5461,0.5427,0.5024,0.5314,0.539,0.561,0.4928,0.5178,0.5391,0.5498,0.5081,0.5432,0.5463,0.54,0.5435,0.5471,0.3663,0.4993,0.5457,0.5369,0.3698,0.4891,0.5396,0.5238,0.4065,0.5086,0.2596,0.55,0.4995,0.537,0.3065,0.5422,0.5135,0.537,0.3208,0.5331,0.5223,0.5312,0.4993,0.4823,0.4201,0.4772,0.4741,0.4802,0.3844,0.4838,0.4944,0.4738,0.4613,0.4733,0.0964,0.4358,0.5081,0.0971,0.0965,0.4393,0.4957,0.0974,0.0963,0.4589,0.5123,0.1026
16800s,0.096,0.5728,0.551,0.0963,0.0971,0.5408,0.5356,0.0962,0.0972,0.5881,0.597,0.1039,0.55,0.5501,0.5441,0.5524,0.5343,0.5493,0.5235,0.5561,0.5505,0.5373,0.5707,0.5929,0.5487,0.5394,0.5415,0.5485,0.5465,0.5494,0.5335,0.5617,0.5369,0.5376,0.5522,0.5499,0.5162,0.5443,0.5538,0.5677,0.5037,0.5311,0.5497,0.5576,0.52,0.5595,0.5519,0.549,0.5558,0.5569,0.3835,0.507,0.5551,0.5468,0.3866,0.498,0.5482,0.5314,0.4247,0.5218,0.2742,0.5608,0.5138,0.549,0.3216,0.5524,0.515,0.5476,0.3364,0.5446,0.5388,0.5426,0.5159,0.5,0.4364,0.4906,0.4886,0.5,0.4061,0.4932,0.5108,0.4889,0.473,0.4959,0.0963,0.4608,0.5234,0.0971,0.0965,0.4569,0.5126,0.0974,0.0963,0.4734,0.5186,0.1021
17400s,0.096,0.5758,0.5649,0.0964,0.0971,0.5473,0.5437,0.0962,0.0972,0.5982,0.6066,0.1054,0.5586,0.5605,0.554,0.5614,0.5403,0.546,0.5303,0.5626,0.5597,0.5467,0.5756,0.6006,0.559,0.5491,0.5478,0.557,0.5575,0.5556,0.5409,0.5687,0.5465,0.5408,0.5536,0.5568,0.5299,0.553,0.5675,0.5724,0.513,0.5394,0.5566,0.5651,0.5329,0.5696,0.5615,0.5585,0.5675,0.5655,0.3985,0.5156,0.5629,0.5555,0.4002,0.5087,0.5574,0.5403,0.4415,0.5196,0.2879,0.5697,0.5274,0.5574,0.3368,0.5596,0.5213,0.5552,0.3543,0.5526,0.5469,0.5515,0.5314,0.5141,0.4526,0.5107,0.4998,0.5127,0.4252,0.5013,0.5244,0.5001,0.4867,0.5104,0.0963,0.4768,0.5381,0.0971,0.0965,0.4755,0.5264,0.0975,0.0963,0.4878,0.533,0.1019
18000s,0.096,0.5866,0.5697,0.0963,0.0973,0.5567,0.5538,0.0962,0.0972,0.6086,0.6168,0.1068,0.5666,0.5683,0.5636,0.5709,0.5474,0.5534,0.5356,0.5699,0.5737,0.5526,0.5822,0.6076,0.5682,0.558,0.557,0.5639,0.5661,0.5609,0.5487,0.5792,0.5541,0.5487,0.5593,0.5641,0.5416,0.5617,0.5844,0.5808,0.5202,0.547,0.5637,0.5718,0.5427,0.576,0.5751,0.5783,0.5896,0.575,0.4194,0.5243,0.5727,0.5648,0.4141,0.5175,0.5686,0.5485,0.4678,0.5293,0.3047,0.58,0.5421,0.5667,0.3503,0.5685,0.5283,0.5643,0.3702,0.5617,0.5508,0.5612,0.5457,0.5301,0.4727,0.5259,0.5126,0.5256,0.4459,0.5138,0.5357,0.5115,0.5168,0.5241,0.0963,0.5006,0.5537,0.0971,0.0965,0.4969,0.5407,0.0975,0.0964,0.5042,0.5454,0.102
18600s,0.096,0.5921,0.5846,0.0961,0.0974,0.5672,0.5617,0.0962,0.0972,0.6219,0.6273,0.1084,0.5821,0.5818,0.5737,0.5808,0.5587,0.5677,0.541,0.5785,0.5805,0.5602,0.5894,0.6176,0.5819,0.5676,0.5662,0.5714,0.5748,0.569,0.5571,0.5842,0.5663,0.5561,0.5632,0.5725,0.551,0.571,0.5948,0.5904,0.5266,0.5522,0.57,0.5867,0.5542,0.5834,0.5772,0.5752,0.5969,0.5846,0.4334,0.5321,0.5814,0.5734,0.4312,0.5257,0.5785,0.5546,0.4783,0.5358,0.3216,0.5937,0.5578,0.5779,0.3656,0.5779,0.5359,0.5728,0.388,0.5707,0.5576,0.5715,0.5617,0.5455,0.4903,0.5395,0.5272,0.5406,0.4685,0.5266,0.5514,0.5268,0.5301,0.5365,0.0963,0.5184,0.5679,0.0971,0.0965,0.5199,0.555,0.0974,0.0964,0.519,0.5597,0.1025
19200s,0.096,0.6034,0.6008,0.0961,0.0977,0.5762,0.574,0.0962,0.0972,0.6212,0.6441,0.1094,0.5982,0.5958,0.5841,0.5902,0.566,0.5701,0.546,0.5873,0.5893,0.5705,0.5968,0.6213,0.5963,0.5798,0.576,0.5751,0.5782,0.5734,0.5649,0.5927,0.5727,0.5575,0.5688,0.58,0.5657,0.5812,0.6003,0.5992,0.5324,0.5546,0.5779,0.5884,0.5598,0.5892,0.5847,0.5897,0.6081,0.5959,0.4526,0.539,0.592,0.5826,0.4445,0.5326,0.5866,0.5664,0.4948,0.5445,0.3384,0.6064,0.5682,0.5886,0.3773,0.5869,0.5451,0.5822,0.4057,0.5838,0.5684,0.5829,0.5795,0.5569,0.501,0.5522,0.5393,0.5546,0.4895,0.5398,0.5605,0.5421,0.5412,0.55,0.0963,0.5381,0.5832,0.0971,0.0966,0.5364,0.5683,0.0975,0.0964,0.5335,0.5735,0.1017
19800s,0.096,0.6178,0.6086,0.0962,0.098,0.5892,0.5849,0.0962,0.0972,0.6333,0.6486,0.112,0.6104,0.6076,0.5971,0.6026,0.572,0.5854,0.5512,0.596,0.5964,0.5785,0.6049,0.6267,0.607,0.5917,0.5846,0.5799,0.5792,0.5812,0.5723,0.6006,0.5814,0.5662,0.5758,0.5876,0.5793,0.5943,0.6205,0.6078,0.5398,0.5612,0.5865,0.5993,0.5703,0.5962,0.5938,0.5931,0.6193,0.6084,0.4565,0.5467,0.6018,0.5918,0.4558,0.5448,0.596,0.5763,0.499,0.558,0.3565,0.6186,0.5815,0.5979,0.3945,0.5992,0.552,0.5906,0.4194,0.5958,0.5783,0.5957,0.5996,0.5721,0.5135,0.5665,0.5533,0.5686,0.5064,0.5538,0.5699,0.5551,0.5557,0.5623,0.0963,0.5579,0.6029,0.0971,0.0966,0.5527,0.5827,0.0975,0.0965,0.5497,0.5897,0.1022
20400s,0.096,0.6272,0.62,0.0962,0.0984,0.601,0.593,0.0962,0.0972,0.6415,0.6574,0.1152,0.6261,0.6149,0.6075,0.615,0.5815,0.5931,0.5577,0.6048,0.6054,0.5898,0.6122,0.6375,0.6168,0.6018,0.5959,0.5867,0.587,0.5872,0.5789,0.6123,0.592,0.574,0.5841,0.5989,0.5909,0.6052,0.6365,0.6172,0.5472,0.5676,0.5983,0.6137,0.5817,0.6055,0.6059,0.6149,0.636,0.6186,0.4681,0.5536,0.6137,0.6009,0.4644,0.5511,0.6073,0.5866,0.5006,0.5644,0.3778,0.6296,0.6012,0.612,0.4142,0.6097,0.5606,0.5994,0.4328,0.606,0.5913,0.6077,0.6138,0.5865,0.5265,0.5804,0.5654,0.5817,0.5196,0.5667,0.5813,0.5678,0.5681,0.5754,0.0963,0.5677,0.615,0.0972,0.0965,0.565,0.5937,0.0975,0.0966,0.5635,0.6015,0.1025
21000s,0.096,0.6361,0.6278,0.0961,0.0989,0.6119,0.6018,0.0962,0.0972,0.6542,0.6617,0.1187,0.6382,0.6219,0.6166,0.626,0.5933,0.6092,0.5671,0.6149,0.6157,0.6009,0.6205,0.6494,0.6256,0.612,0.6063,0.597,0.5974,0.5958,0.5872,0.6222,0.6046,0.5844,0.5948,0.6073,0.6003,0.6128,0.6469,0.6253,0.5516,0.5757,0.6064,0.6235,0.5898,0.6213,0.6162,0.6152,0.6405,0.6282,0.4772,0.5589,0.6227,0.6123,0.4743,0.5558,0.6158,0.6006,0.5103,0.5706,0.3964,0.6381,0.6191,0.6222,0.4306,0.6209,0.5671,0.6105,0.4499,0.6159,0.6039,0.6161,0.6234,0.6012,0.5391,0.5931,0.5768,0.5905,0.533,0.5787,0.5928,0.5763,0.581,0.5857,0.0963,0.5857,0.6252,0.0971,0.0965,0.5776,0.6064,0.0975,0.0967,0.5777,0.6134,0.102
21600s,0.0961,0.6455,0.6357,0.0962,0.0994,0.6232,0.6128,0.0962,0.0974,0.6654,0.6665,0.1224,0.6408,0.6297,0.6263,0.6345,0.5994,0.6116,0.5774,0.6246,0.6241,0.6105,0.6337,0.6618,0.6364,0.6219,0.6156,0.6058,0.6046,0.6066,0.5946,0.6298,0.6119,0.5913,0.6024,0.6158,0.6112,0.6215,0.6534,0.6347,0.5582,0.5857,0.6178,0.6324,0.5981,0.6289,0.6243,0.6229,0.652,0.636,0.4878,0.5676,0.6331,0.6221,0.4815,0.5649,0.6279,0.6095,0.5144,0.5843,0.4147,0.6456,0.6281,0.6323,0.4462,0.6267,0.5758,0.6192,0.4464,0.6253,0.6109,0.6245,0.6334,0.6104,0.5496,0.6078,0.5901,0.6005,0.546,0.5875,0.599,0.5902,0.5906,0.5963,0.0963,0.6,0.6367,0.0971,0.0966,0.5919,0.6166,0.0975,0.0968,0.5915,0.6261,0.1016
22200s,0.0961,0.655,0.646,0.0962,0.1001,0.6352,0.6216,0.0962,0.0973,0.6838,0.6851,0.1269,0.6566,0.6391,0.6351,0.6435,0.6081,0.6216,0.5846,0.6352,0.6329,0.6182,0.6438,0.6635,0.6447,0.6302,0.6225,0.6147,0.6138,0.614,0.6032,0.6377,0.6208,0.5987,0.6102,0.6233,0.6209,0.6305,0.6599,0.6438,0.564,0.5936,0.6255,0.6397,0.6113,0.6368,0.6343,0.6311,0.6602,0.6455,0.4919,0.5774,0.6417,0.6308,0.4854,0.573,0.6372,0.6173,0.5158,0.5928,0.4375,0.6558,0.6388,0.6406,0.4646,0.6363,0.5864,0.6304,0.4476,0.6321,0.6178,0.6342,0.6457,0.6226,0.56,0.621,0.6061,0.6128,0.5591,0.6019,0.6111,0.6044,0.6004,0.6139,0.0964,0.6202,0.6496,0.0971,0.0966,0.6055,0.6294,0.0976,0.0969,0.6123,0.6356,0.1023
22800s,0.096,0.6647,0.652,0.0961,0.1009,0.6434,0.629,0.0963,0.0973,0.701,0.6998,0.1316,0.6609,0.6464,0.6431,0.6518,0.6192,0.6285,0.5947,0.6422,0.6424,0.6254,0.6526,0.6665,0.6539,0.637,0.6321,0.6239,0.6233,0.6205,0.6127,0.6453,0.6291,0.6066,0.6175,0.6313,0.631,0.639,0.6701,0.6496,0.572,0.6007,0.632,0.6485,0.6212,0.6433,0.6419,0.638,0.6731,0.6528,0.503,0.5868,0.6503,0.6382,0.4873,0.583,0.6467,0.624,0.504,0.6033,0.4524,0.6637,0.6444,0.6506,0.4744,0.6432,0.5922,0.6379,0.4566,0.6401,0.6291,0.6417,0.6564,0.6316,0.5714,0.6311,0.6169,0.6232,0.571,0.6122,0.6227,0.6128,0.612,0.626,0.0964,0.6306,0.656,0.0972,0.0965,0.6217,0.638,0.0975,0.097,0.624,0.6457,0.102
23400s,0.0961,0.6751,0.6603,0.0962,0.1018,0.6484,0.6355,0.0963,0.0972,0.719,0.7081,0.138,0.6714,0.655,0.6515,0.6618,0.6267,0.6394,0.6122,0.6506,0.647,0.6324,0.6607,0.6721,0.6629,0.6453,0.6381,0.6313,0.6321,0.6273,0.6206,0.6579,0.6379,0.6132,0.6239,0.6385,0.6391,0.6459,0.676,0.6556,0.5802,0.6067,0.64,0.6597,0.6352,0.6539,0.6496,0.6539,0.6835,0.6609,0.511,0.5942,0.658,0.6466,0.4955,0.5929,0.6561,0.6315,0.5064,0.6103,0.4685,0.6723,0.6604,0.6589,0.4841,0.6524,0.5984,0.6468,0.4683,0.6485,0.6358,0.6505,0.6684,0.6429,0.5831,0.6417,0.6268,0.6311,0.5812,0.6233,0.6334,0.6217,0.6229,0.6312,0.0964,0.6411,0.6676,0.0972,0.0966,0.6342,0.6493,0.0976,0.0971,0.6351,0.6667,0.1025
24000s,0.0961,0.6874,0.671,0.0962,0.1031,0.6613,0.6446,0.0963,0.0974,0.7356,0.7215,0.1446,0.6752,0.6625,0.6592,0.672,0.6334,0.6456,0.6227,0.6575,0.6569,0.6417,0.6687,0.6773,0.6709,0.6565,0.6473,0.6386,0.639,0.6342,0.6273,0.6627,0.6444,0.6215,0.631,0.647,0.6493,0.6535,0.6786,0.6683,0.5868,0.6116,0.6476,0.6642,0.6409,0.6596,0.6575,0.6544,0.6919,0.6673,0.5178,0.6042,0.6679,0.6536,0.5004,0.6025,0.6627,0.639,0.5089,0.6167,0.4808,0.6801,0.6738,0.6681,0.4929,0.6593,0.6052,0.6541,0.4771,0.6558,0.6446,0.6579,0.679,0.6522,0.5927,0.6508,0.6378,0.6405,0.5912,0.6327,0.6429,0.6306,0.6328,0.6426,0.0964,0.6503,0.6773,0.0972,0.0966,0.6445,0.6593,0.0976,0.0972,0.6448,0.6828,0.1021
0s,6253,6747,6923,6201,6142,6865,6877,5967,6109,6791,6893,6120,7023,6843,6911,7119,6924,6858,6913,6764,6966,6866,6890,7031,6953,6919,6812,7146,6897,7081,6928,7034,6915,6671,6964,6996,6338,6372,6702,6395,6227,6520,7045,6594,6174,6184,6914,6608,7128,6945,6509,6914,6861,6914,6517,6742,6803,6671,6572,6819,6347,6802,6611,6787,6391,6745,6568,6640,6331,6706,6702,6757,6316,6468,6469,6514,6410,6474,6255,6491,6397,6330,6471,6567,6088,6726,6490,6053,5963,6587,6555,6022,5956,6466,6629,5920
600s,6248,6688,6905,6195,6102,6845,6863,5912,6051,6783,6833,6081,7006,6824,6887,7119,6888,6848,6929,6762,6903,6834,6825,7008,6904,6913,6807,7123,6868,7021,6864,7031,6917,6661,6978,7004,6327,6327,6656,6361,6206,6514,6997,6592,6165,6184,6893,6621,7100,6902,6492,6939,6913,6911,6476,6779,6837,6660,6554,6880,6320,6797,6568,6759,6364,6696,6497,6622,6336,6685,6658,6719,6270,6467,6419,6473,6381,6399,6217,6498,6404,6281,6452,6570,6035,6707,6454,6012,5866,6577,6527,5997,5906,6453,6623,5908
1200s,6230,6709,6881,6189,6104,6888,6902,5938,6076,6746,6847,6074,7034,6832,6850,7167,6878,6871,6967,6789,6942,6831,6858,7068,6908,6917,6861,7149,6938,7063,6893,7049,6940,6695,7016,7016,6368,6361,6770,6455,6226,6547,7042,6631,6204,6213,6931,6617,7101,6924,6475,6995,6902,6929,6493,6857,6872,6722,6580,6954,6343,6837,6650,6759,6442,6733,6536,6647,6383,6733,6678,6693,6289,6479,6472,6513,6425,6437,6186,6528,6461,6296,6453,6614,6081,6723,6465,6048,5913,6639,6533,5963,5911,6489,6622,5927
1800s,6190,6729,6921,6177,6116,6877,6917,5924,6078,6779,6883,6054,7041,6869,6907,7155,6922,6878,6967,6829,6982,6895,6919,7064,6971,6924,6859,7222,6942,7105,6948,7047,6990,6734,7057,7077,6370,6382,6753,6429,6287,6559,7062,6611,6254,6216,6983,6655,7096,6978,6512,7066,6990,6967,6479,6939,6851,6731,6587,6981,6361,6843,6651,6762,6420,6737,6539,6656,6375,6742,6724,6747,6295,6474,6460,6537,6389,6477,6229,6524,6402,6322,6445,6609,6099,6685,6480,6023,5898,6588,6526,5997,5895,6507,6587,5899
2400s,6182,6758,6972,6181,6112,6907,6930,5942,6056,6804,6959,6055,7061,6931,6965,7243,6913,6913,7051,6876,7039,6918,6985,7156,6971,6971,6894,7258,6933,7165,6963,7127,7003,6763,7092,7132,6392,6430,6818,6498,6309,6577,7135,6682,6252,6248,7034,6716,7170,7031,6541,7191,7015,6970,6509,6964,6919,6747,6620,7096,6388,6901,6700,6796,6410,6818,6584,6724,6387,6786,6728,6775,6322,6501,6476,6535,6423,6483,6222,6546,6490,6292,6508,6608,6052,6714,6539,6026,5840,6610,6571,5994,5940,6500,6621,5921
3000s,6192,6828,7056,6161,6090,6967,7029,5946,6089,6887,7024,6050,7142,6997,7030,7338,7045,7015,7132,6968,7079,7045,7022,7190,7041,7023,6973,7385,7123,7256,7111,7205,7143,6899,7140,7194,6441,6470,6909,6618,6390,6640,7220,6716,6295,6303,7164,6767,7209,7100,6589,7267,7141,7047,6561,7076,7012,6853,6616,7191,6383,6954,6742,6886,6497,6844,6658,6765,6415,6886,6805,6815,6343,6551,6497,6559,6501,6527,6262,6558,6491,6342,6538,6651,6070,6754,6542,6040,5877,6651,6600,5999,5911,6522,6681,5917
3600s,6204,6868,7143,6168,6113,6997,7105,5931,6089,6979,7126,6080,7227,7053,7085,7417,7148,7107,7193,7026,7190,7108,7107,7296,7101,7094,7042,7446,7161,7328,7204,7284,7137,6909,7261,7333,6532,6540,6993,6681,6447,6745,7360,6831,6375,6366,7262,6819,7329,7124,6621,7375,7167,7143,6574,7226,7064,6926,6663,7313,6395,7039,6815,6947,6551,6965,6700,6860,6431,6895,6863,6892,6369,6575,6513,6604,6522,6553,6242,6619,6551,6364,6554,6665,6071,6745,6598,6023,5874,6670,6632,6022,5898,6519,6728,5907
4200s,6166,6981,7287,6167,6118,7137,7264,5928,6082,7049,7271,6081,7353,7204,7239,7553,7274,7217,7325,7156,7308,7252,7271,7381,7171,7262,7166,7549,7285,7482,7313,7422,7304,7033,7394,7436,6555,6623,7142,6778,6546,6828,7463,6933,6428,6440,7395,6933,7429,7212,6644,7529,7299,7248,6602,7362,7211,7031,6754,7427,6434,7128,6871,6988,6575,7011,6792,6948,6472,7042,6945,6992,6382,6631,6595,6613,6598,6631,6333,6644,6608,6429,6588,6693,6048,6786,6604,6022,5923,6698,6687,5973,5879,6555,6751,5896
4800s,6175,7124,7435,6160,6106,7271,7429,5888,6069,7227,7505,6066,7465,7345,7414,7645,7375,7422,7512,7299,7471,7411,7452,7639,7327,7358,7258,7749,7428,7640,7484,7603,7451,7195,7577,7644,6669,6733,7273,6911,6654,6973,7725,7078,6549,6572,7665,7062,7614,7360,6725,7719,7522,7443,6729,7550,7384,7205,6760,7650,6416,7280,6965,7152,6619,7171,6884,7063,6485,7187,7034,7107,6448,6695,6589,6697,6676,6719,6347,6715,6682,6480,6657,6772,6051,6809,6702,6021,5874,6704,6743,5948,5864,6595,6834,5826
5400s,6138,7293,7707,6161,6113,7467,7700,5949,6084,7516,7736,6075,7676,7551,7615,7914,7620,7644,7711,7506,7719,7653,7677,7884,7493,7548,7494,8002,7698,7892,7702,7830,7668,7409,7748,7887,6789,6867,7601,7153,6775,7109,8015,7290,6686,6706,7937,7293,7790,7633,6746,7956,7759,7631,6780,7769,7597,7414,6865,7845,6452,7441,7129,7313,6693,7356,7025,7245,6519,7356,7149,7315,6578,6770,6675,6762,6754,6774,6388,6771,6813,6600,6687,6813,6020,6821,6820,6024,5894,6729,6844,5957,5899,6627,6931,5876
6000s,6154,7548,8057,6171,6108,7725,8072,5938,6083,7788,8121,6081,7990,7859,7899,8212,7917,7981,8040,7797,8045,7949,7978,8184,7746,7795,7754,8340,7986,8121,8010,8190,7976,7731,8093,8262,6992,7068,7957,7454,6990,7360,8375,7597,6905,6903,8297,7575,8030,7873,6828,8174,8068,7914,6845,8049,7874,7721,6980,8069,6467,7706,7292,7551,6787,7604,7234,7462,6540,7663,7390,7537,6684,6929,6778,6831,6895,6916,6455,6826,6923,6738,6806,6947,6045,6894,6971,6008,5900,6811,6953,5976,5864,6645,7049,5926
6600s,6129,7932,8531,6141,6120,8107,8513,5925,6073,8249,8660,6079,8453,8313,8293,8680,8350,8372,8480,8178,8450,8370,8371,8600,8131,8149,8171,8709,8383,8528,8463,8615,8402,8090,8405,8643,7226,7335,8358,7828,7243,7631,8903,8000,7123,7178,8809,8018,8458,8243,6925,8460,8500,8293,6973,8335,8344,8167,7085,8375,6542,8128,7590,7869,6833,7953,7489,7736,6624,7975,7629,7863,6833,7128,6897,6970,7066,7128,6551,6976,7113,6876,6911,7068,6021,6969,7151,6028,5863,6851,7152,5965,5884,6723,7213,5881
7200s,6107,8434,9154,6130,6134,8550,9130,5896,6104,8781,9214,6109,8990,8818,8849,9150,8766,8909,8970,8675,8991,8899,8898,9187,8601,8612,8650,9226,8906,8970,8949,9168,8937,8540,8862,9278,7582,7663,8971,8262,7622,7994,9504,8477,7500,7500,9411,8538,9052,8822,7085,8808,9015,8792,7127,8712,8814,8641,7246,8753,6614,8596,7869,8283,6915,8393,7878,8162,6670,8404,7959,8260,7047,7306,7016,7092,7356,7371,6676,7160,7353,7080,7039,7239,6043,7067,7329,6051,5888,6971,7414,5939,5874,6842,7451,5889
7800s,6081,9095,9933,6131,6133,9132,9871,5917,6104,9467,10015,6112,9739,9518,9484,9858,9387,9558,9629,9407,9716,9597,9569,9989,9308,9195,9268,9938,9574,9616,9618,9829,9585,9184,9481,10012,8026,8144,9670,8864,8035,8464,10294,9120,7887,8004,10171,9242,9701,9444,7199,9268,9661,9445,7281,9138,9502,9283,7394,9227,6662,9258,8313,8828,7009,9008,8328,8703,6746,9036,8343,8887,7335,7591,7153,7288,7638,7629,6770,7351,7662,7321,7254,7428,5997,7150,7668,6024,5890,7083,7687,5964,5877,6986,7772,5874
8400s,6098,9843,10778,6119,6092,9869,10693,5921,6070,10264,10883,6079,10559,10358,10289,10694,10200,10405,10417,10138,10554,10447,10326,10833,10084,9922,10107,10719,10318,10421,10552,10662,10461,9956,10218,10872,8647,8750,10486,9740,8582,9120,11122,9833,8440,8578,10935,10037,10565,10245,7406,9759,10496,10251,7512,9718,10305,10030,7541,9759,6752,10031,8878,9441,7140,9782,8962,9407,6904,9826,8899,9579,7661,7922,7403,7538,7969,7967,6991,7607,8023,7595,7428,7706,6022,7280,8043,6002,5888,7248,8080,5949,5877,7126,8152,5886
9000s,6088,10730,11660,6135,6109,10718,11575,5918,6045,11108,11742,6080,11428,11234,11233,11602,11052,11212,11303,10985,11428,11309,11145,11697,10960,10821,10958,11648,11246,11304,11458,11625,11311,10772,10998,11767,9255,9464,11308,10521,9250,9849,12013,10687,9046,9271,11737,10985,11458,11099,7638,10440,11398,11108,7734,10390,11188,10881,7822,10471,6830,10874,9557,10251,7225,10605,9635,10178,6972,10722,9498,10453,8102,8332,7643,7860,8444,8347,7150,7934,8533,8001,7677,7994,5998,7471,8508,6036,5882,7453,8601,5993,5864,7328,8622,5882
9600s,6085,11577,12596,6143,6080,11595,12449,5905,6067,11997,12601,6098,12343,12120,12128,12492,11944,12013,12236,11842,12330,12213,12065,12610,11878,11698,11844,12609,12193,12330,12379,12499,12152,11689,11871,12721,10004,10296,12172,11389,10007,10670,12880,11555,9805,10041,12593,11851,12367,11996,7892,11125,12328,11931,8061,11203,12141,11826,8011,11247,6962,11786,10295,11130,7381,11500,10374,11038,7133,11607,10275,11353,8575,8837,7952,8229,8999,8893,7392,8303,9106,8452,8008,8402,6033,7721,8980,5956,5886,7649,9147,5939,5845,7530,9174,5848
10200s,6054,12486,13527,6126,6131,12467,13382,5884,6055,12936,13535,6089,13289,13016,13092,13435,12834,12796,13100,12684,13231,13076,12922,13559,12829,12610,12786,13642,13115,13333,13246,13462,13000,12614,12753,13710,10807,11088,13033,12252,10755,11580,13794,12398,10513,10853,13387,12661,13324,12925,8198,11914,13263,12833,8432,11981,12999,12718,8322,12040,7106,12683,11128,12025,7559,12436,11199,11933,7289,12439,11043,12248,9184,9435,8336,8725,9609,9422,7689,8761,9742,8945,8387,8878,5995,7962,9654,5994,5847,7918,9760,5920,5850,7847,9768,5836
10800s,6044,13355,14358,6115,6094,13380,14278,5874,6026,13833,14387,6088,14310,13921,14019,14435,13669,13666,14019,13617,14159,13964,13819,14450,13765,13652,13675,14614,14094,14427,14200,14446,13990,13596,13584,14667,11661,11953,13890,13067,11574,12509,14624,13178,11246,11691,14187,13614,14281,13847,8549,12690,14292,13764,8801,12773,13907,13642,8679,12774,7260,13641,12051,12997,7742,13343,12124,12828,7432,13433,11806,13193,9779,10044,8811,9303,10300,10069,8015,9337,10440,9633,8892,9488,5979,8295,10348,5980,5870,8323,10413,5926,5802,8205,10468,5853
11400s,6021,14311,15331,6114,6125,14300,15215,5901,6063,14786,15368,6108,15094,14831,14876,15402,14654,14553,14824,14546,15031,14909,14736,15409,14544,14656,14571,15549,14972,15603,15120,15448,14892,14581,14526,15736,12435,12865,14632,13860,12315,13376,15369,14006,12008,12502,15190,14514,15191,14845,9055,13587,15219,14738,9326,13563,14846,14571,9152,13540,7485,14585,12923,14004,8030,14279,12965,13657,7689,14391,12657,14099,10526,10819,9309,9895,10997,10840,8432,9945,11185,10266,9457,10093,6003,8721,11105,6019,5863,8784,11138,5949,5825,8641,11247,5895
12000s,6031,15101,16177,6115,6104,15021,16121,5866,6062,15716,16387,6102,15965,15691,15585,16342,15432,15501,15615,15468,16125,15772,15659,16475,15457,15564,15498,16418,15820,16638,16003,16431,15789,15492,15370,16712,13190,13752,15500,14645,12989,14255,16202,14875,12742,13325,16153,15378,15960,15772,9613,14318,16105,15684,9898,14271,15690,15442,9617,14336,7675,15514,13771,14941,8309,15286,13739,14622,7983,15317,13551,15087,11250,11498,9897,10586,11584,11529,8921,10673,11888,10975,10049,10806,5993,9170,11831,6020,5874,9334,11779,5927,5812,9127,11945,5855
12600s,6050,15980,17032,6092,6144,15991,17103,5880,6086,16794,17326,6129,16909,16553,16608,17303,16286,16503,16552,16430,17109,16758,16563,17462,16391,16395,16350,17386,16591,17795,16838,17477,16816,16405,16301,17757,13931,14472,16216,15443,13832,14888,17335,15690,13492,14149,17165,16331,16901,16581,10256,14875,17107,16614,10552,14886,16574,16259,10146,15093,7999,16429,14393,15811,8649,16011,14379,15522,8246,16062,14361,16217,11848,12225,10594,11356,12384,12210,9491,11324,12546,11787,10758,11499,6011,9760,12466,6007,5880,9903,12498,5929,5842,9719,12650,5868
13200s,6024,17004,18172,6132,6110,16988,18142,5870,6037,17839,18454,6133,17856,17621,17668,18298,17157,17444,17564,17396,17991,17739,17395,18634,17504,17615,17235,18505,17559,18884,17664,18466,17566,17387,17258,18884,14821,15175,17364,16575,14789,15769,18433,16758,14268,14977,18007,17235,17942,17615,10858,15400,18143,17597,11220,15458,17538,17232,10631,15902,8337,17210,15145,16686,9023,16917,15187,16398,8645,17033,15226,17027,12567,12814,11256,12093,13113,12936,10074,12093,13237,12533,11414,12234,5985,10436,13165,6000,5831,10550,13198,5927,5866,10289,13446,5879
13800s,6024,18119,19267,6131,6126,18063,19241,5897,6033,18889,19542,6123,19022,18666,18861,19365,18288,18423,18600,18440,19001,18738,18499,19676,18660,18791,18253,19783,18654,20006,18726,19586,18513,18412,18198,19952,15728,16140,18243,17475,15647,16791,19315,17647,15094,15672,19030,18106,18915,18777,11492,16302,19311,18340,11772,16266,18516,18225,11181,16690,8696,18220,16034,17658,9508,17980,16158,17435,9013,17910,16151,18019,13363,13585,11872,12860,13931,13724,10686,12810,14071,13200,12178,12958,6002,11133,14034,6008,5912,11252,14160,5932,5837,10998,14384,5867
14400s,6043,19083,20303,6089,6091,18909,20161,5865,6036,19810,20464,6145,20039,19647,19816,20348,19274,19202,19450,19293,19768,19522,19254,20554,19644,19994,19119,20811,19522,21089,19644,20472,19410,19570,19256,20887,16761,17087,19159,18366,16540,17567,20057,18339,15883,16408,19786,18870,20047,19857,12016,17102,20350,19302,12233,17149,19467,19116,11720,17375,9126,19256,16884,18663,9948,19031,17204,18336,9450,18915,17030,19001,14167,14482,12402,13582,14733,14615,11293,13504,15021,14063,12848,13656,5981,11723,14893,5980,5840,11921,15103,5932,5830,11691,15125,5846
15000s,5994,20052,21078,6119,6083,19872,21059,5873,6056,20568,21359,6140,21044,20539,20750,21267,20182,20104,20162,20195,20674,20486,20036,21503,20632,20983,20196,21815,20393,22005,20412,21429,20299,20538,20157,21806,17792,18003,19922,19229,17309,18289,20752,19199,16766,17065,20457,19649,20952,20822,12623,18054,21297,20186,12858,18160,20340,20009,12181,18313,9583,20313,17739,19756,10512,20027,18102,19139,9969,19860,17867,19899,15093,15519,13076,14246,15685,15578,11851,14150,16014,14926,13520,14441,5985,12451,15925,5964,5880,12576,16050,5937,5855,12347,16175,5842
15600s,6007,20960,21968,6107,6085,20565,21732,5871,6053,21270,21864,6185,21866,21493,21539,22199,20980,20739,20832,20838,21291,21140,20677,22143,21525,22051,21057,22667,21194,22835,21266,22167,21063,21354,21019,22538,18762,18785,20382,19607,17973,18985,21043,19865,17571,17804,20628,20194,21926,21733,13152,18912,21995,21127,13445,19037,21109,20724,12769,19083,10173,21162,18697,20716,10930,20862,18855,20135,10457,20761,18647,20823,16159,16513,13728,14953,16643,16495,12394,14911,17003,15680,14210,15000,6005,13236,16955,5994,5866,13185,17111,5921,5818,13085,17084,5823
16200s,5973,21821,22317,6072,6033,21481,22187,5841,6068,22161,22377,6161,22595,22006,21779,22940,21537,21047,21129,21470,21549,21417,21050,22659,22290,22919,21746,23280,21700,23745,21500,22904,21386,22128,21621,23044,19667,19568,20769,19873,18723,19605,21506,20079,18331,18434,21222,20356,22677,22214,13831,19692,22303,21504,14112,19806,21623,21041,13270,19800,10634,21814,19407,21359,11405,21437,19633,20713,10889,21382,19583,21415,17102,17463,14367,15639,17526,17526,12987,15666,17941,16814,15052,15701,5959,13735,17898,5971,5861,13888,18001,5918,5824,13636,18060,5808
16800s,5962,22571,23005,6082,6056,22199,22610,5814,6036,22584,22900,6171,22912,22507,22423,23314,21762,21509,21411,21826,22138,22021,21470,23102,22613,23816,22082,23715,21936,24237,22110,23350,21924,22510,22012,23455,20499,20010,21356,20266,19336,19964,22062,20660,19033,18755,21687,21005,23088,22708,14498,20349,22937,21940,14811,20541,21904,21494,13859,20662,11079,22113,20177,21760,11885,21775,20305,20981,11384,21709,20251,21753,18099,18491,15100,16557,18396,18411,13793,16451,18732,17746,15734,16550,5949,14605,18829,5992,5871,14624,18968,5923,5803,14326,19113,5838
17400s,5942,22872,23634,6050,6027,22478,23243,5839,6058,23344,23629,6192,23652,23084,23032,23911,22283,22197,21981,22500,22687,22596,22091,23737,23304,24084,22746,24206,22564,24566,22597,23928,22512,23048,22666,24238,21306,20386,22024,20709,19889,20414,22566,21315,19725,19319,22335,21613,23868,23333,15205,21069,23512,22614,15570,21279,22710,22036,14410,21236,11566,22916,20856,22327,12337,22314,20507,21642,11824,22336,20694,22491,19030,19305,15834,17564,19165,19125,14632,17281,19544,18614,16609,17502,5943,15288,19754,5970,5852,15471,19843,5891,5798,15132,20028,5845
18000s,5916,23662,24398,6093,6047,23079,23944,5840,6064,24048,24328,6220,24248,23768,23621,24665,22878,22840,22530,22994,23311,23137,22498,24308,23868,24771,23436,24834,23074,25186,23117,24541,23069,23643,23132,24674,21784,21049,22598,21180,20026,20862,23129,21866,20024,19791,22852,22116,24702,23917,16118,21684,24018,23138,16458,21821,23256,22688,15154,21897,12150,23564,21297,22993,12844,22933,20968,22269,12301,22923,21069,23045,19987,20174,16678,18370,19956,19877,15571,18103,20392,19493,17589,18321,5935,16109,20649,5972,5867,16330,20674,5901,5798,15952,20927,5818
18600s,5948,24410,24935,6059,6074,23712,24558,5837,6051,24770,25059,6240,24922,24474,24223,25336,23438,23498,23002,23660,23934,23680,23127,24975,24559,25555,24065,25400,23632,25775,23672,25232,23674,24296,23793,25362,22278,21506,23173,21710,20340,21289,23537,22436,20506,20288,23396,22576,25357,24565,16961,22167,24619,23589,17256,22235,23898,23151,15940,22149,12704,24190,21869,23562,13411,23511,21442,22788,12867,23541,21673,23698,20777,20873,17377,19278,20749,20639,16365,18955,21045,20367,18487,19108,5916,17062,21497,5991,5825,17249,21505,5884,5837,16871,21840,5825
19200s,5956,24983,25482,6071,6023,24247,25127,5820,6034,25062,25765,6247,25583,25023,24773,25838,23948,24018,23522,24217,24480,24376,23494,25515,25173,26246,24538,25951,24087,26377,24111,25949,24249,24727,24168,25913,23017,22245,23681,22227,20847,21789,24077,23000,21166,20791,23925,23184,25999,25090,17829,22470,25179,24203,18166,22757,24365,23697,16782,22797,13303,24734,22460,24154,13980,24138,21861,23346,13374,24050,22288,24291,21725,21795,18296,20088,21506,21448,17179,19629,21751,21171,19284,19974,5940,17911,22283,5956,5837,18154,22219,5908,5813,17756,22765,5868
19800s,5934,25619,26161,6059,6056,24881,25562,5842,5972,25864,26302,6281,26156,25546,25321,26550,24417,24600,24117,24778,25014,24885,24158,26016,25758,26756,25263,26627,24548,27019,24682,26556,24862,25268,24767,26568,23594,22668,24260,22655,21235,22189,24539,23649,21599,21299,24369,23692,26728,25680,18721,22934,25656,24763,19040,23320,24989,24221,17550,23387,13901,25349,23132,24733,14587,24514,22469,23944,13927,24610,22808,24834,22469,22476,18982,20783,22037,21998,18054,20328,22107,21800,20157,20591,5902,18786,22914,5953,5851,18942,22928,5900,5828,18612,23490,5821
20400s,5896,26351,26805,6068,6052,25464,26197,5830,6014,26556,27046,6337,26792,26067,25830,27096,24930,25063,24490,25260,25455,25373,24588,26699,26367,27342,25696,27037,25050,27535,25084,27109,25365,25939,25303,27142,24236,23057,24772,23082,21615,22473,25108,24093,22043,21803,24869,24099,27375,26220,19498,23513,26275,25289,19791,23812,25560,24653,18281,23926,14587,25889,23728,25332,15342,25041,22883,24306,14645,25188,23305,25491,22870,23069,19697,21386,22427,22469,18760,20887,22596,22236,20943,21134,5918,19599,23450,5957,5847,19706,23220,5889,5781,19290,23898,5798
21000s,5908,26923,27291,6035,6054,26074,26793,5808,6002,27269,27168,6372,27412,26641,26471,27765,25479,25715,24959,25857,26014,25904,25092,27129,26975,28042,26244,27661,25546,28011,25550,27682,25863,26593,25730,27671,24967,23662,25272,23610,22053,22863,25607,24766,22644,22085,25350,24655,27944,26694,20224,24006,26671,25790,20453,24221,26014,25196,19089,24475,15252,26572,24224,25794,15921,25592,23284,24897,15225,25603,23779,26000,23627,23272,20349,21682,22930,22794,19448,21139,23195,22852,21684,21517,5922,20409,24145,5919,5844,20429,23918,5882,5808,20076,24607,5811
21600s,5908,27508,27947,6060,6089,26723,27374,5820,5984,27926,27859,6401,27986,27272,27051,28303,25849,26235,25553,26413,26488,26439,25639,27758,27581,28672,26883,28121,26039,28591,26082,28282,26418,27057,26231,28257,25400,24131,25828,24061,22401,23419,26014,25243,23058,22739,25868,25158,28543,27371,20973,24516,27354,26257,20980,24928,26556,25643,19687,25069,16030,27039,24838,26430,16722,26101,23749,25346,16053,26143,24307,26570,24295,23992,21074,22358,23575,23383,20190,21770,23731,23455,22054,22105,5895,21097,24747,5947,5845,21042,24516,5899,5789,20912,25297,5807
22200s,5900,28248,28381,6004,6075,27238,27814,5823,6005,28593,28668,6498,28619,27824,27573,28858,26494,26825,26078,26932,27000,27015,26155,28259,28107,29242,27320,28661,26561,29150,26638,28760,26959,27633,26700,28794,25931,24627,26258,24585,22807,23766,26546,25684,23646,23160,26351,25677,29183,27842,21628,24991,27836,26783,21419,25327,27112,26238,20218,25734,16961,27631,25426,27008,17484,26694,24086,25887,16817,26721,24873,27013,25028,24594,21545,22780,24098,23835,20769,22191,24185,23995,22418,22552,5909,21854,25421,5964,5851,21751,25152,5853,5766,21484,25982,5788
22800s,5865,28715,29133,6026,6133,27850,28449,5787,5943,29319,29350,6522,29080,28382,28215,29501,26942,27340,26514,27241,27495,27490,26672,28883,28656,29714,27748,29373,27004,29739,27076,29459,27452,28187,27161,29373,26571,25078,26914,24884,23198,24268,27085,26191,24008,23685,26901,26111,29900,28446,22117,25488,28292,27248,21811,26001,27789,26666,20477,26263,17786,28225,26054,27538,18164,27166,24587,26261,17735,27319,25364,27682,25559,25183,21867,23390,24681,24330,21366,22649,24801,24625,22959,23085,5878,22259,26028,5967,5831,22100,25691,5869,5787,21886,26621,5781
23400s,5855,29362,29623,6024,6118,28378,29078,5790,5981,29963,29762,6623,29847,28952,28695,30092,27423,27879,27090,27874,28088,28073,27203,29301,29233,30366,28408,29794,27596,30213,27530,29988,28056,28721,27693,29948,27059,25579,27374,25422,23509,24634,27523,26760,24579,24156,27286,26623,30465,29072,22377,26102,28816,27770,22194,26417,28275,27191,20939,26742,18656,28695,26709,28083,18836,27650,25075,26793,18538,27793,25861,28107,26196,25677,22465,23836,25186,24846,21650,23183,25265,25111,23571,23572,5913,22732,26655,5948,5814,22608,26234,5859,5770,22366,27365,5783
24000s,5832,29943,30151,6010,6125,28740,29604,5773,5935,30521,30274,6705,30295,29377,29108,30690,27915,28414,27611,28314,28496,28453,27613,29817,29698,30821,28883,30408,27931,30726,27948,30488,28291,29075,28123,30483,27600,25968,27859,25883,23892,24947,28019,27225,25043,24539,27811,26978,31051,29557,22915,26594,29367,28370,22695,26978,28886,27558,21523,27253,19397,29445,27215,28621,19447,28122,25430,27525,19237,28246,26267,28686,26772,26135,23020,24375,25936,25345,22222,23639,25789,25713,24007,23957,5900,23320,27226,5931,5827,23137,26823,5843,5771,22942,27909,5782
Date of measurement: 2019-08-05/Time of measurement: 09:10:03,,,,,,,,,,,,,,,,,,,,,,,,,,,,,,,,,,,,,,,,,,,,,,,,,,,,,,,,,,,,,,,,,,,,,,,,,,,,,,,,,,,,,,,,,,,,,,,,
Burden_Monitor_OD600_GFP_10_min.mth,,,,,,,,,,,,,,,,,,,,,,,,,,,,,,,,,,,,,,,,,,,,,,,,,,,,,,,,,,,,,,,,,,,,,,,,,,,,,,,,,,,,,,,,,,,,,,,,
C:\Users\Barrick Lab\Desktop\igem2019\Burden_Monitor_OD600_GFP_10_min.mth,,,,,,,,,,,,,,,,,,,,,,,,,,,,,,,,,,,,,,,,,,,,,,,,,,,,,,,,,,,,,,,,,,,,,,,,,,,,,,,,,,,,,,,,,,,,,,,,
600nm,,,,,,,,,,,,,,,,,,,,,,,,,,,,,,,,,,,,,,,,,,,,,,,,,,,,,,,,,,,,,,,,,,,,,,,,,,,,,,,,,,,,,,,,,,,,,,,,
infinite 200Pro,,,,,,,,,,,,,,,,,,,,,,,,,,,,,,,,,,,,,,,,,,,,,,,,,,,,,,,,,,,,,,,,,,,,,,,,,,,,,,,,,,,,,,,,,,,,,,,,
Instrument serial number: 1602000080,,,,,,,,,,,,,,,,,,,,,,,,,,,,,,,,,,,,,,,,,,,,,,,,,,,,,,,,,,,,,,,,,,,,,,,,,,,,,,,,,,,,,,,,,,,,,,,,
Plate,,,,,,,,,,,,,,,,,,,,,,,,,,,,,,,,,,,,,,,,,,,,,,,,,,,,,,,,,,,,,,,,,,,,,,,,,,,,,,,,,,,,,,,,,,,,,,,,
"Plate Description: [COR96fb clear bottom] - Corning 96 Flat black, clear bottom",,,,,,,,,,,,,,,,,,,,,,,,,,,,,,,,,,,,,,,,,,,,,,,,,,,,,,,,,,,,,,,,,,,,,,,,,,,,,,,,,,,,,,,,,,,,,,,,
Plate with Cover: No,,,,,,,,,,,,,,,,,,,,,,,,,,,,,,,,,,,,,,,,,,,,,,,,,,,,,,,,,,,,,,,,,,,,,,,,,,,,,,,,,,,,,,,,,,,,,,,,
Barcode: No,,,,,,,,,,,,,,,,,,,,,,,,,,,,,,,,,,,,,,,,,,,,,,,,,,,,,,,,,,,,,,,,,,,,,,,,,,,,,,,,,,,,,,,,,,,,,,,,
  Part of Plate,,,,,,,,,,,,,,,,,,,,,,,,,,,,,,,,,,,,,,,,,,,,,,,,,,,,,,,,,,,,,,,,,,,,,,,,,,,,,,,,,,,,,,,,,,,,,,,,
  Range: A1:H12,,,,,,,,,,,,,,,,,,,,,,,,,,,,,,,,,,,,,,,,,,,,,,,,,,,,,,,,,,,,,,,,,,,,,,,,,,,,,,,,,,,,,,,,,,,,,,,,
    Temperature,,,,,,,,,,,,,,,,,,,,,,,,,,,,,,,,,,,,,,,,,,,,,,,,,,,,,,,,,,,,,,,,,,,,,,,,,,,,,,,,,,,,,,,,,,,,,,,,
    Mode: On,,,,,,,,,,,,,,,,,,,,,,,,,,,,,,,,,,,,,,,,,,,,,,,,,,,,,,,,,,,,,,,,,,,,,,,,,,,,,,,,,,,,,,,,,,,,,,,,
    Temperature: 37.0 °C,,,,,,,,,,,,,,,,,,,,,,,,,,,,,,,,,,,,,,,,,,,,,,,,,,,,,,,,,,,,,,,,,,,,,,,,,,,,,,,,,,,,,,,,,,,,,,,,
    Kinetic Cycle,,,,,,,,,,,,,,,,,,,,,,,,,,,,,,,,,,,,,,,,,,,,,,,,,,,,,,,,,,,,,,,,,,,,,,,,,,,,,,,,,,,,,,,,,,,,,,,,
    Duration: 16:01:00,,,,,,,,,,,,,,,,,,,,,,,,,,,,,,,,,,,,,,,,,,,,,,,,,,,,,,,,,,,,,,,,,,,,,,,,,,,,,,,,,,,,,,,,,,,,,,,,
    Kinetic Interval: 00:10:00,,,,,,,,,,,,,,,,,,,,,,,,,,,,,,,,,,,,,,,,,,,,,,,,,,,,,,,,,,,,,,,,,,,,,,,,,,,,,,,,,,,,,,,,,,,,,,,,
      Shaking,,,,,,,,,,,,,,,,,,,,,,,,,,,,,,,,,,,,,,,,,,,,,,,,,,,,,,,,,,,,,,,,,,,,,,,,,,,,,,,,,,,,,,,,,,,,,,,,
      Duration: 420 sec,,,,,,,,,,,,,,,,,,,,,,,,,,,,,,,,,,,,,,,,,,,,,,,,,,,,,,,,,,,,,,,,,,,,,,,,,,,,,,,,,,,,,,,,,,,,,,,,
      Mode: Orbital,,,,,,,,,,,,,,,,,,,,,,,,,,,,,,,,,,,,,,,,,,,,,,,,,,,,,,,,,,,,,,,,,,,,,,,,,,,,,,,,,,,,,,,,,,,,,,,,
      Amplitude: 3 mm,,,,,,,,,,,,,,,,,,,,,,,,,,,,,,,,,,,,,,,,,,,,,,,,,,,,,,,,,,,,,,,,,,,,,,,,,,,,,,,,,,,,,,,,,,,,,,,,
      Frequency: 218.3 rpm,,,,,,,,,,,,,,,,,,,,,,,,,,,,,,,,,,,,,,,,,,,,,,,,,,,,,,,,,,,,,,,,,,,,,,,,,,,,,,,,,,,,,,,,,,,,,,,,
      Wait (Timer),,,,,,,,,,,,,,,,,,,,,,,,,,,,,,,,,,,,,,,,,,,,,,,,,,,,,,,,,,,,,,,,,,,,,,,,,,,,,,,,,,,,,,,,,,,,,,,,
      Wait Time: 00:00:05,,,,,,,,,,,,,,,,,,,,,,,,,,,,,,,,,,,,,,,,,,,,,,,,,,,,,,,,,,,,,,,,,,,,,,,,,,,,,,,,,,,,,,,,,,,,,,,,
      Ignore wait for last kinetic cycle: No,,,,,,,,,,,,,,,,,,,,,,,,,,,,,,,,,,,,,,,,,,,,,,,,,,,,,,,,,,,,,,,,,,,,,,,,,,,,,,,,,,,,,,,,,,,,,,,,
      Absorbance,,,,,,,,,,,,,,,,,,,,,,,,,,,,,,,,,,,,,,,,,,,,,,,,,,,,,,,,,,,,,,,,,,,,,,,,,,,,,,,,,,,,,,,,,,,,,,,,
      Measurement Wavelength: 600 nm,,,,,,,,,,,,,,,,,,,,,,,,,,,,,,,,,,,,,,,,,,,,,,,,,,,,,,,,,,,,,,,,,,,,,,,,,,,,,,,,,,,,,,,,,,,,,,,,
      Measurement Bandwidth: 9 nm,,,,,,,,,,,,,,,,,,,,,,,,,,,,,,,,,,,,,,,,,,,,,,,,,,,,,,,,,,,,,,,,,,,,,,,,,,,,,,,,,,,,,,,,,,,,,,,,
      Number of Reads: 25,,,,,,,,,,,,,,,,,,,,,,,,,,,,,,,,,,,,,,,,,,,,,,,,,,,,,,,,,,,,,,,,,,,,,,,,,,,,,,,,,,,,,,,,,,,,,,,,
      Settle Time: 50 ms,,,,,,,,,,,,,,,,,,,,,,,,,,,,,,,,,,,,,,,,,,,,,,,,,,,,,,,,,,,,,,,,,,,,,,,,,,,,,,,,,,,,,,,,,,,,,,,,
      Label: OD600,,,,,,,,,,,,,,,,,,,,,,,,,,,,,,,,,,,,,,,,,,,,,,,,,,,,,,,,,,,,,,,,,,,,,,,,,,,,,,,,,,,,,,,,,,,,,,,,
      Fluorescence Intensity,,,,,,,,,,,,,,,,,,,,,,,,,,,,,,,,,,,,,,,,,,,,,,,,,,,,,,,,,,,,,,,,,,,,,,,,,,,,,,,,,,,,,,,,,,,,,,,,
      Excitation Wavelength: 485 nm,,,,,,,,,,,,,,,,,,,,,,,,,,,,,,,,,,,,,,,,,,,,,,,,,,,,,,,,,,,,,,,,,,,,,,,,,,,,,,,,,,,,,,,,,,,,,,,,
      Excitation Bandwidth: 9 nm,,,,,,,,,,,,,,,,,,,,,,,,,,,,,,,,,,,,,,,,,,,,,,,,,,,,,,,,,,,,,,,,,,,,,,,,,,,,,,,,,,,,,,,,,,,,,,,,
      Emission Wavelength: 528 nm,,,,,,,,,,,,,,,,,,,,,,,,,,,,,,,,,,,,,,,,,,,,,,,,,,,,,,,,,,,,,,,,,,,,,,,,,,,,,,,,,,,,,,,,,,,,,,,,
      Emission Bandwidth: 20 nm,,,,,,,,,,,,,,,,,,,,,,,,,,,,,,,,,,,,,,,,,,,,,,,,,,,,,,,,,,,,,,,,,,,,,,,,,,,,,,,,,,,,,,,,,,,,,,,,
      ReadingMode: Top,,,,,,,,,,,,,,,,,,,,,,,,,,,,,,,,,,,,,,,,,,,,,,,,,,,,,,,,,,,,,,,,,,,,,,,,,,,,,,,,,,,,,,,,,,,,,,,,
      Lag Time: 0 μs,,,,,,,,,,,,,,,,,,,,,,,,,,,,,,,,,,,,,,,,,,,,,,,,,,,,,,,,,,,,,,,,,,,,,,,,,,,,,,,,,,,,,,,,,,,,,,,,
      Integration Time: 20 μs,,,,,,,,,,,,,,,,,,,,,,,,,,,,,,,,,,,,,,,,,,,,,,,,,,,,,,,,,,,,,,,,,,,,,,,,,,,,,,,,,,,,,,,,,,,,,,,,
      Number of Reads: 25,,,,,,,,,,,,,,,,,,,,,,,,,,,,,,,,,,,,,,,,,,,,,,,,,,,,,,,,,,,,,,,,,,,,,,,,,,,,,,,,,,,,,,,,,,,,,,,,
      Settle Time: 0 ms,,,,,,,,,,,,,,,,,,,,,,,,,,,,,,,,,,,,,,,,,,,,,,,,,,,,,,,,,,,,,,,,,,,,,,,,,,,,,,,,,,,,,,,,,,,,,,,,
      Gain: Manual,,,,,,,,,,,,,,,,,,,,,,,,,,,,,,,,,,,,,,,,,,,,,,,,,,,,,,,,,,,,,,,,,,,,,,,,,,,,,,,,,,,,,,,,,,,,,,,,
      Gain Value: 90,,,,,,,,,,,,,,,,,,,,,,,,,,,,,,,,,,,,,,,,,,,,,,,,,,,,,,,,,,,,,,,,,,,,,,,,,,,,,,,,,,,,,,,,,,,,,,,,
      Z-Position: Manual,,,,,,,,,,,,,,,,,,,,,,,,,,,,,,,,,,,,,,,,,,,,,,,,,,,,,,,,,,,,,,,,,,,,,,,,,,,,,,,,,,,,,,,,,,,,,,,,
      Z-Position height: 19000 μm,,,,,,,,,,,,,,,,,,,,,,,,,,,,,,,,,,,,,,,,,,,,,,,,,,,,,,,,,,,,,,,,,,,,,,,,,,,,,,,,,,,,,,,,,,,,,,,,
      Label: GFP,,,,,,,,,,,,,,,,,,,,,,,,,,,,,,,,,,,,,,,,,,,,,,,,,,,,,,,,,,,,,,,,,,,,,,,,,,,,,,,,,,,,,,,,,,,,,,,,
Total kinetic run time: 6h 40min ,,,,,,,,,,,,,,,,,,,,,,,,,,,,,,,,,,,,,,,,,,,,,,,,,,,,,,,,,,,,,,,,,,,,,,,,,,,,,,,,,,,,,,,,,,,,,,,,