0s,0.0973,0.1171,0.1115,0.099,0.0969,0.1181,0.1068,0.0951,0.096,0.1178,0.111,0.0998,0.1157,0.1273,0.1214,0.1248,0.1173,0.119,0.121,0.1241,0.1178,0.117,0.1203,0.1408,0.1206,0.1277,0.1165,0.0984,0.1245,0.13,0.1199,0.0985,0.1284,0.1234,0.1182,0.1086,0.116,0.1127,0.117,0.1192,0.1217,0.1117,0.1157,0.1191,0.1157,0.1144,0.12,0.1145,0.1129,0.1054,0.0974,0.1171,0.1176,0.1047,0.115,0.1141,0.1229,0.106,0.1139,0.114,0.1161,0.1159,0.133,0.1162,0.1133,0.1212,0.1149,0.117,0.115,0.1157,0.1177,0.118,0.1167,0.1148,0.1154,0.1159,0.1157,0.1125,0.1112,0.1166,0.1199,0.1153,0.1127,0.1142,0.1004,0.1121,0.1196,0.0968,0.0981,0.1086,0.1136,0.0985,0.0976,0.1031,0.1155,0.1088
601s,0.0972,0.1201,0.113,0.0987,0.0968,0.122,0.1083,0.095,0.0959,0.1216,0.1121,0.0997,0.1167,0.1279,0.1236,0.1287,0.1186,0.1197,0.1231,0.1287,0.1186,0.118,0.1222,0.1439,0.1234,0.1314,0.1197,0.0983,0.1284,0.1348,0.1234,0.0984,0.1327,0.1265,0.1219,0.1087,0.1196,0.1153,0.1195,0.1229,0.1263,0.1152,0.1187,0.1234,0.1194,0.1173,0.1232,0.1173,0.1163,0.1061,0.0971,0.1209,0.1222,0.1063,0.1182,0.1178,0.1288,0.1073,0.1161,0.1165,0.1192,0.1173,0.1381,0.1187,0.1163,0.1205,0.1177,0.1205,0.1186,0.1177,0.1206,0.121,0.1183,0.1165,0.1162,0.118,0.1171,0.1145,0.1123,0.1188,0.122,0.1173,0.1137,0.116,0.1,0.1138,0.1228,0.0967,0.0981,0.1104,0.1164,0.0983,0.0973,0.1026,0.1187,0.1099
1201s,0.097,0.1247,0.1158,0.0985,0.0967,0.1281,0.1109,0.0948,0.0958,0.1276,0.1143,0.0996,0.1189,0.1301,0.1277,0.1354,0.1209,0.1214,0.1264,0.1354,0.121,0.1198,0.126,0.1502,0.1282,0.1375,0.1254,0.0981,0.1343,0.1429,0.1289,0.0984,0.1399,0.1325,0.1281,0.109,0.1254,0.1198,0.1238,0.1286,0.1334,0.1202,0.1231,0.1301,0.1252,0.1222,0.1279,0.1218,0.1217,0.1076,0.097,0.127,0.1288,0.1083,0.1228,0.1234,0.1371,0.1092,0.1202,0.1215,0.1245,0.12,0.146,0.1229,0.1211,0.1226,0.1222,0.1251,0.1239,0.1211,0.1253,0.1263,0.1216,0.1195,0.1181,0.1214,0.1199,0.1174,0.1142,0.1224,0.1255,0.1208,0.1164,0.1195,0.1,0.1159,0.1277,0.0966,0.0979,0.1123,0.1208,0.098,0.0971,0.1025,0.1247,0.1124
1801s,0.097,0.132,0.1197,0.0985,0.0966,0.1361,0.1142,0.0948,0.0957,0.1357,0.1176,0.0995,0.1223,0.1344,0.1347,0.1455,0.125,0.1243,0.1322,0.1461,0.1249,0.1229,0.1322,0.1599,0.1357,0.1462,0.1334,0.0981,0.1433,0.1535,0.1362,0.0984,0.1506,0.1408,0.1366,0.1095,0.1333,0.1261,0.1299,0.1368,0.1433,0.1278,0.1292,0.1398,0.1336,0.1293,0.1342,0.1282,0.1289,0.1098,0.0968,0.1357,0.1376,0.1108,0.1291,0.1309,0.1471,0.1117,0.1258,0.1284,0.1316,0.1237,0.1573,0.1291,0.1283,0.1261,0.1288,0.1306,0.1318,0.1258,0.1322,0.1324,0.1258,0.1234,0.1205,0.1261,0.124,0.1213,0.1165,0.1271,0.1301,0.1263,0.1196,0.1241,0.0999,0.1195,0.1349,0.0967,0.0978,0.1155,0.1273,0.098,0.097,0.1024,0.1332,0.1154
2401s,0.097,0.1432,0.1251,0.0985,0.0967,0.1468,0.1184,0.0948,0.0957,0.1468,0.1218,0.0995,0.1274,0.1414,0.1447,0.1591,0.1306,0.1288,0.1399,0.1598,0.1302,0.1275,0.1413,0.1723,0.1462,0.1579,0.1447,0.0981,0.1556,0.1672,0.1457,0.0984,0.1657,0.1518,0.1479,0.1058,0.144,0.1352,0.1377,0.1476,0.1569,0.1376,0.1374,0.1532,0.1452,0.1396,0.1423,0.1366,0.1382,0.1127,0.0968,0.1471,0.148,0.1142,0.1373,0.1413,0.1606,0.1147,0.1345,0.1379,0.1416,0.1286,0.1736,0.1379,0.1384,0.1326,0.138,0.1398,0.1429,0.1319,0.1428,0.1406,0.1312,0.1288,0.1237,0.1318,0.129,0.1264,0.1198,0.1327,0.1362,0.1326,0.1241,0.1291,0.0997,0.1241,0.1436,0.0967,0.0978,0.1198,0.1352,0.0978,0.0969,0.1026,0.1443,0.1193
3001s,0.097,0.1617,0.1328,0.0985,0.0967,0.1619,0.1245,0.0948,0.0957,0.162,0.1277,0.0995,0.1345,0.1511,0.1587,0.1781,0.1383,0.1353,0.1512,0.1783,0.1381,0.1341,0.1544,0.1883,0.162,0.1725,0.1606,0.0981,0.1723,0.1851,0.1594,0.0984,0.1857,0.1659,0.1635,0.1018,0.1586,0.1478,0.1483,0.1627,0.1747,0.1508,0.1479,0.1711,0.1606,0.1537,0.1531,0.1482,0.1512,0.1162,0.0968,0.1622,0.1622,0.1185,0.1478,0.1542,0.1781,0.1181,0.1461,0.1513,0.1547,0.1343,0.1948,0.1492,0.1522,0.1382,0.15,0.1514,0.1568,0.1386,0.1569,0.1516,0.1383,0.1356,0.1274,0.1386,0.136,0.1332,0.124,0.1395,0.1441,0.1409,0.1302,0.136,0.1001,0.1296,0.155,0.0969,0.0979,0.1259,0.146,0.0978,0.097,0.1023,0.1591,0.1254
3601s,0.0969,0.1827,0.1436,0.0984,0.0967,0.1808,0.1322,0.0948,0.0956,0.1817,0.1355,0.0995,0.1432,0.1633,0.176,0.2022,0.1476,0.1443,0.1654,0.2024,0.1476,0.1433,0.1708,0.2096,0.1821,0.19,0.1804,0.0981,0.1926,0.2059,0.1769,0.0983,0.2107,0.182,0.1843,0.103,0.1778,0.1647,0.1618,0.1819,0.197,0.1673,0.1613,0.1941,0.1806,0.1726,0.1675,0.1638,0.1691,0.1203,0.0966,0.1818,0.1811,0.1236,0.1607,0.1707,0.2018,0.1224,0.1604,0.17,0.1725,0.1406,0.2209,0.164,0.1696,0.142,0.1657,0.1657,0.1738,0.1456,0.1759,0.167,0.1467,0.1436,0.1313,0.1463,0.1437,0.1412,0.1288,0.147,0.1533,0.1496,0.1369,0.1442,0.0998,0.137,0.1701,0.0969,0.0977,0.1335,0.1594,0.0977,0.0968,0.102,0.1775,0.1329
4201s,0.0969,0.2042,0.1569,0.0984,0.0967,0.2042,0.1426,0.0948,0.0956,0.2069,0.1457,0.0995,0.1536,0.179,0.1981,0.2324,0.1586,0.1558,0.1825,0.2315,0.1584,0.1557,0.1917,0.2373,0.209,0.2114,0.2053,0.0981,0.2191,0.2306,0.1997,0.0984,0.2421,0.2028,0.2102,0.1016,0.2021,0.1858,0.1797,0.2071,0.2257,0.1883,0.1781,0.2234,0.2059,0.1961,0.1859,0.1847,0.1922,0.1255,0.0966,0.2067,0.2063,0.1305,0.177,0.1921,0.2315,0.1274,0.1762,0.1946,0.1947,0.1476,0.253,0.1835,0.1917,0.1484,0.1856,0.1854,0.1951,0.1522,0.1987,0.187,0.1575,0.1538,0.1362,0.1565,0.1541,0.1518,0.1343,0.1573,0.1653,0.1597,0.1433,0.1559,0.1003,0.1451,0.1885,0.097,0.0977,0.1432,0.1766,0.0977,0.0968,0.102,0.1979,0.1428
4801s,0.0968,0.2282,0.1742,0.0984,0.0967,0.2332,0.1559,0.0948,0.0956,0.2365,0.1594,0.0995,0.166,0.1988,0.2243,0.2679,0.172,0.1707,0.2047,0.2677,0.1715,0.1716,0.218,0.27,0.241,0.236,0.2359,0.0981,0.2507,0.259,0.2295,0.0984,0.2789,0.2262,0.2427,0.1017,0.2319,0.2113,0.1998,0.2362,0.2591,0.213,0.1974,0.2562,0.2355,0.2237,0.2075,0.2106,0.2191,0.1311,0.0966,0.2338,0.232,0.1367,0.1945,0.2175,0.2606,0.1333,0.1922,0.2244,0.2217,0.1559,0.2869,0.2063,0.2176,0.1549,0.2088,0.2069,0.2193,0.1579,0.2235,0.2123,0.1711,0.1664,0.1421,0.1689,0.1663,0.164,0.1406,0.1692,0.1799,0.1705,0.1489,0.1715,0.1002,0.1554,0.2106,0.0971,0.0978,0.1545,0.197,0.0977,0.0968,0.1022,0.2239,0.1557
5401s,0.0969,0.2569,0.1953,0.0984,0.0967,0.2612,0.1722,0.0948,0.0956,0.2686,0.1762,0.0996,0.1819,0.2239,0.2571,0.3042,0.1892,0.1901,0.2332,0.3041,0.1886,0.193,0.2495,0.3004,0.2775,0.2658,0.2703,0.0982,0.2875,0.2901,0.2641,0.0985,0.3125,0.2543,0.2765,0.1022,0.2648,0.2402,0.2226,0.2675,0.2898,0.2403,0.219,0.285,0.265,0.2515,0.2344,0.2414,0.2486,0.1379,0.0965,0.2624,0.2591,0.1443,0.2142,0.2459,0.2897,0.1396,0.2058,0.2606,0.2543,0.1653,0.3224,0.2338,0.2481,0.1634,0.2359,0.2337,0.2485,0.1643,0.2487,0.2438,0.189,0.1817,0.1491,0.1839,0.181,0.1791,0.1474,0.1848,0.199,0.1854,0.153,0.1927,0.1001,0.1677,0.2364,0.0969,0.0979,0.1695,0.2213,0.0976,0.0969,0.1022,0.2514,0.1719
6001s,0.0969,0.288,0.2195,0.0984,0.0967,0.2923,0.1921,0.0948,0.0956,0.3012,0.1968,0.0995,0.2009,0.2531,0.2947,0.3405,0.2094,0.2136,0.2672,0.3407,0.209,0.2185,0.285,0.3357,0.3108,0.2946,0.3063,0.0982,0.3221,0.3221,0.3012,0.0986,0.3462,0.2826,0.3123,0.1032,0.2986,0.2711,0.25,0.3038,0.3256,0.2708,0.2447,0.324,0.3003,0.2833,0.2624,0.2745,0.2797,0.1461,0.0965,0.2921,0.2919,0.1542,0.2387,0.2791,0.3281,0.1485,0.2281,0.2932,0.2882,0.178,0.3624,0.2651,0.2794,0.1733,0.2652,0.2662,0.2816,0.1754,0.2784,0.2742,0.2105,0.2004,0.1577,0.2024,0.1995,0.1969,0.1556,0.2041,0.2209,0.2054,0.1598,0.2183,0.1,0.1817,0.2629,0.0972,0.0979,0.1866,0.2472,0.0976,0.0968,0.1022,0.2827,0.1902
6601s,0.0971,0.3248,0.2475,0.0985,0.0968,0.3236,0.2149,0.0948,0.0957,0.3358,0.221,0.0995,0.2236,0.2886,0.3284,0.3801,0.2326,0.2417,0.3005,0.3825,0.2328,0.2495,0.317,0.3729,0.3477,0.3252,0.3458,0.0982,0.3626,0.3583,0.3423,0.0986,0.3889,0.3158,0.3493,0.1036,0.3364,0.303,0.278,0.3418,0.3611,0.3005,0.2715,0.3634,0.3388,0.317,0.2937,0.3103,0.3162,0.1559,0.0966,0.3253,0.3219,0.1652,0.265,0.3137,0.3589,0.1579,0.2537,0.325,0.3253,0.1905,0.3957,0.297,0.3132,0.1848,0.2969,0.3013,0.32,0.1905,0.3119,0.3056,0.2354,0.2217,0.1675,0.2233,0.2208,0.2168,0.1655,0.2262,0.2477,0.2298,0.1715,0.2454,0.1,0.1996,0.2926,0.0971,0.098,0.2074,0.2758,0.0978,0.0968,0.1021,0.3208,0.2114
7201s,0.0969,0.3593,0.2751,0.0984,0.0968,0.3495,0.2376,0.0948,0.0957,0.3611,0.2452,0.0995,0.2478,0.3182,0.365,0.4114,0.2581,0.2734,0.3344,0.4131,0.258,0.2821,0.3506,0.4031,0.3867,0.3602,0.3815,0.0982,0.4019,0.3911,0.3765,0.0986,0.4189,0.351,0.377,0.103,0.3661,0.3374,0.3082,0.3761,0.3916,0.3344,0.2994,0.3985,0.3765,0.3538,0.3248,0.3441,0.3476,0.1676,0.0965,0.3619,0.3579,0.1795,0.2987,0.3539,0.397,0.1705,0.2858,0.3533,0.3619,0.2064,0.433,0.3337,0.3531,0.1997,0.3376,0.3436,0.3612,0.2092,0.3544,0.3412,0.2638,0.247,0.18,0.2472,0.2466,0.2412,0.1789,0.2517,0.2751,0.2564,0.1859,0.2712,0.1001,0.2192,0.3263,0.0972,0.0982,0.2285,0.3092,0.0975,0.0968,0.1021,0.3613,0.2344
7801s,0.0969,0.3891,0.3057,0.0984,0.0969,0.3772,0.2632,0.0948,0.0956,0.3824,0.272,0.0995,0.273,0.3516,0.4016,0.4433,0.2833,0.3027,0.3716,0.4466,0.2832,0.3132,0.3825,0.4351,0.419,0.3885,0.4165,0.0982,0.4358,0.4198,0.408,0.0985,0.4489,0.3819,0.4018,0.103,0.4006,0.3686,0.3405,0.4092,0.4246,0.3661,0.3318,0.4326,0.4107,0.3859,0.3523,0.371,0.386,0.1828,0.0965,0.3994,0.387,0.1939,0.3337,0.3864,0.4216,0.1842,0.3197,0.3732,0.4,0.2234,0.4675,0.3652,0.3901,0.2151,0.3745,0.3797,0.3983,0.229,0.3896,0.3691,0.2947,0.2754,0.1938,0.2725,0.2746,0.2669,0.1935,0.2807,0.3061,0.2881,0.2036,0.2978,0.1001,0.2424,0.362,0.0974,0.0985,0.2541,0.3456,0.0976,0.0968,0.102,0.4032,0.2601
8400s,0.097,0.4179,0.3362,0.0984,0.0969,0.4067,0.288,0.0948,0.0956,0.3922,0.299,0.0995,0.2998,0.3899,0.4322,0.4756,0.3097,0.3356,0.4024,0.48,0.31,0.3481,0.4091,0.464,0.4511,0.4143,0.4501,0.0983,0.4708,0.4524,0.4391,0.0986,0.4789,0.4078,0.4133,0.1108,0.4405,0.4012,0.3686,0.441,0.4544,0.3974,0.3626,0.4535,0.4456,0.4142,0.375,0.386,0.4204,0.1999,0.0965,0.4378,0.4127,0.2109,0.3668,0.4161,0.4166,0.1991,0.3558,0.3803,0.4353,0.2423,0.496,0.3992,0.4271,0.2347,0.4147,0.4167,0.4284,0.2521,0.4262,0.4006,0.3293,0.3075,0.2097,0.2993,0.3079,0.2944,0.2094,0.3122,0.3426,0.325,0.2228,0.3271,0.0999,0.2698,0.4064,0.0973,0.0986,0.2829,0.3843,0.0976,0.0968,0.1021,0.4367,0.289
9001s,0.0969,0.4381,0.3644,0.0984,0.0969,0.4447,0.309,0.0948,0.0957,0.3819,0.3213,0.0995,0.3284,0.4223,0.4637,0.5087,0.3386,0.3707,0.4322,0.5103,0.339,0.3814,0.4354,0.4856,0.4833,0.4447,0.4743,0.0983,0.5033,0.4823,0.4757,0.0986,0.5069,0.4371,0.393,0.1052,0.4606,0.4212,0.397,0.4593,0.4694,0.4303,0.3959,0.4517,0.4675,0.4123,0.3889,0.371,0.3936,0.2212,0.0965,0.4447,0.3906,0.2303,0.3984,0.4291,0.3963,0.2173,0.3881,0.3826,0.4278,0.2638,0.4778,0.4338,0.4326,0.2566,0.4491,0.4437,0.4244,0.2787,0.4418,0.4291,0.3627,0.3432,0.2276,0.33,0.3464,0.3263,0.2278,0.3492,0.3782,0.3654,0.2431,0.3605,0.1,0.3045,0.4239,0.0973,0.0989,0.3207,0.4012,0.0976,0.0967,0.1021,0.3983,0.3222
9601s,0.0969,0.4378,0.38,0.0985,0.0969,0.4832,0.3284,0.0948,0.0957,0.3923,0.3391,0.0995,0.3581,0.4529,0.4944,0.5272,0.3684,0.397,0.4612,0.5387,0.3674,0.4082,0.4572,0.5008,0.5104,0.4772,0.4604,0.0983,0.5298,0.5115,0.507,0.0986,0.5325,0.464,0.3712,0.1031,0.4495,0.399,0.4247,0.4199,0.4194,0.4576,0.4264,0.423,0.4532,0.403,0.3769,0.3798,0.3854,0.2428,0.0966,0.3928,0.3982,0.2522,0.4191,0.4075,0.4157,0.2385,0.4131,0.3915,0.4161,0.287,0.4513,0.4332,0.3928,0.2818,0.4276,0.4392,0.3853,0.3078,0.4095,0.4362,0.3901,0.3813,0.2477,0.3625,0.3779,0.3606,0.2496,0.3857,0.4072,0.4032,0.2662,0.394,0.1,0.339,0.409,0.0972,0.0994,0.3532,0.3637,0.0976,0.0967,0.1021,0.3875,0.3569
10200s,0.0969,0.4161,0.3685,0.0984,0.0969,0.5075,0.3478,0.0948,0.0957,0.4158,0.3488,0.0994,0.3851,0.4837,0.5239,0.5251,0.3927,0.4304,0.4938,0.5553,0.391,0.434,0.4714,0.511,0.5389,0.5071,0.4432,0.0982,0.5445,0.5406,0.5013,0.0986,0.5459,0.4913,0.3927,0.1044,0.4523,0.4089,0.449,0.4041,0.4155,0.4222,0.4422,0.4597,0.4459,0.4131,0.3573,0.3956,0.4072,0.2672,0.0965,0.4123,0.4204,0.2759,0.4136,0.4173,0.4384,0.2569,0.4167,0.4092,0.4332,0.3121,0.4661,0.3938,0.405,0.309,0.411,0.3879,0.4196,0.3384,0.4096,0.4352,0.4077,0.4123,0.2708,0.3971,0.39,0.3928,0.2732,0.4237,0.4181,0.4199,0.2922,0.4257,0.0999,0.3649,0.4173,0.0973,0.0999,0.3652,0.389,0.0977,0.0968,0.1019,0.4043,0.3888
10800s,0.0968,0.4369,0.3544,0.0984,0.0969,0.4985,0.3681,0.0948,0.0957,0.4439,0.3517,0.0995,0.4099,0.5087,0.5427,0.5256,0.4164,0.4611,0.521,0.5458,0.4088,0.4539,0.4656,0.5223,0.5639,0.5116,0.4324,0.0983,0.5442,0.5599,0.4655,0.0986,0.54,0.5114,0.4265,0.1049,0.4652,0.4258,0.4481,0.4396,0.4445,0.3986,0.4473,0.4687,0.457,0.4307,0.3783,0.3934,0.4295,0.2895,0.0965,0.431,0.4442,0.2947,0.4057,0.4211,0.4546,0.2665,0.3899,0.4162,0.4522,0.3382,0.4859,0.4134,0.4212,0.3377,0.4238,0.4014,0.4397,0.3705,0.4234,0.4248,0.4123,0.4164,0.2953,0.4344,0.3761,0.3952,0.297,0.4526,0.3785,0.402,0.3228,0.4548,0.1002,0.365,0.4396,0.0973,0.1004,0.36,0.4083,0.0977,0.0967,0.1019,0.4223,0.3981
11400s,0.097,0.455,0.3861,0.0984,0.097,0.4668,0.3893,0.0949,0.0956,0.465,0.3493,0.0994,0.435,0.5169,0.5474,0.5327,0.4395,0.4921,0.5582,0.5316,0.4257,0.4686,0.4418,0.5285,0.5987,0.5006,0.4637,0.0983,0.5218,0.5695,0.4532,0.0986,0.5458,0.5324,0.4521,0.1096,0.484,0.4482,0.4198,0.4592,0.4656,0.4333,0.4221,0.479,0.4694,0.4445,0.4066,0.4122,0.4519,0.2932,0.0965,0.4435,0.459,0.3064,0.4117,0.4335,0.4638,0.2712,0.3868,0.4273,0.4758,0.3639,0.5053,0.43,0.442,0.3646,0.4436,0.4247,0.4627,0.4026,0.4423,0.4436,0.4238,0.4286,0.3234,0.4601,0.4039,0.3528,0.3239,0.4545,0.4009,0.3685,0.3557,0.4657,0.1,0.3855,0.4699,0.0974,0.1011,0.3708,0.4319,0.0978,0.0968,0.102,0.4407,0.3729
12001s,0.0969,0.4758,0.4038,0.0984,0.097,0.4758,0.4093,0.0949,0.0956,0.4725,0.3737,0.0995,0.4433,0.5156,0.5456,0.5224,0.4625,0.5167,0.5849,0.5374,0.4389,0.4606,0.4484,0.5266,0.6148,0.4858,0.4792,0.0983,0.5228,0.5669,0.5027,0.0987,0.5472,0.5279,0.4747,0.1083,0.4948,0.4705,0.421,0.4727,0.4793,0.449,0.4268,0.4872,0.4813,0.4563,0.4301,0.4317,0.4709,0.2846,0.0965,0.4598,0.4701,0.3009,0.423,0.4464,0.4744,0.2809,0.4037,0.4464,0.4964,0.3871,0.5181,0.4474,0.4598,0.3875,0.4531,0.4418,0.4777,0.4328,0.4571,0.4651,0.4445,0.4422,0.3539,0.4524,0.442,0.3578,0.3549,0.4366,0.4254,0.4053,0.3901,0.4539,0.1,0.4083,0.5032,0.0973,0.1019,0.3898,0.4567,0.0976,0.0968,0.102,0.4558,0.3894
12600s,0.0968,0.492,0.4143,0.0984,0.097,0.5013,0.4135,0.0949,0.0957,0.4777,0.3979,0.0994,0.43,0.5217,0.5252,0.5345,0.4654,0.5095,0.6239,0.5401,0.4471,0.4758,0.4779,0.5343,0.6198,0.4626,0.4919,0.0982,0.524,0.5149,0.5152,0.0985,0.5449,0.5203,0.4928,0.1057,0.5,0.4932,0.437,0.4841,0.4907,0.4641,0.4622,0.496,0.4912,0.4671,0.453,0.448,0.4864,0.291,0.0963,0.4725,0.4801,0.3013,0.437,0.4569,0.4825,0.2982,0.4184,0.4589,0.5181,0.4156,0.5324,0.466,0.4743,0.402,0.4611,0.4574,0.4869,0.4204,0.4668,0.4843,0.4713,0.4635,0.3853,0.4217,0.4672,0.3798,0.3821,0.3907,0.4438,0.4249,0.4175,0.4423,0.0996,0.4359,0.5411,0.0971,0.1028,0.4115,0.4778,0.0976,0.0966,0.102,0.4643,0.4071
13200s,0.0968,0.5055,0.4294,0.0984,0.0969,0.5145,0.4222,0.0949,0.0956,0.4892,0.4179,0.0995,0.4268,0.5207,0.5351,0.544,0.4551,0.5188,0.5853,0.5381,0.44,0.4899,0.4937,0.5376,0.6166,0.4854,0.5034,0.0982,0.5305,0.5422,0.5186,0.0985,0.5446,0.5274,0.5046,0.1044,0.4996,0.5074,0.4606,0.4928,0.4988,0.4768,0.4834,0.5044,0.5005,0.4797,0.4716,0.4606,0.4989,0.3095,0.0963,0.4837,0.4908,0.3205,0.4546,0.4695,0.4929,0.3165,0.4376,0.4703,0.5393,0.4419,0.5453,0.4847,0.4852,0.4068,0.4618,0.4732,0.4897,0.417,0.4685,0.4971,0.4991,0.4926,0.414,0.4468,0.5025,0.4016,0.4142,0.4119,0.4705,0.4466,0.4324,0.45,0.0998,0.4619,0.5677,0.0972,0.1042,0.4335,0.494,0.0974,0.0966,0.1019,0.475,0.426
13800s,0.0969,0.5201,0.4412,0.0985,0.097,0.5145,0.4444,0.0949,0.0956,0.4929,0.4429,0.0994,0.4167,0.5289,0.5372,0.5426,0.434,0.4983,0.5459,0.5403,0.4273,0.5032,0.506,0.5529,0.6116,0.5016,0.5108,0.0982,0.5315,0.5108,0.5205,0.0986,0.5462,0.5296,0.5181,0.1085,0.5028,0.5175,0.4807,0.5014,0.508,0.4803,0.4945,0.5095,0.5057,0.4884,0.4857,0.4705,0.5116,0.327,0.0963,0.4926,0.4994,0.3364,0.4682,0.4769,0.4985,0.3296,0.4502,0.4807,0.5616,0.4409,0.5533,0.4985,0.4914,0.4135,0.467,0.482,0.4919,0.3976,0.4771,0.5128,0.5284,0.5219,0.4278,0.4654,0.5082,0.4239,0.428,0.4421,0.4879,0.4661,0.4338,0.4659,0.0996,0.485,0.5871,0.0972,0.1055,0.4523,0.5091,0.0974,0.0966,0.102,0.4867,0.4475
14400s,0.0969,0.5326,0.4529,0.0985,0.097,0.522,0.4702,0.0949,0.0956,0.5047,0.4665,0.0995,0.4157,0.5373,0.5392,0.5524,0.4386,0.5216,0.5444,0.5452,0.432,0.5045,0.53,0.563,0.6057,0.5108,0.5205,0.0982,0.5364,0.5414,0.5304,0.0986,0.5486,0.5354,0.5274,0.1061,0.5093,0.5311,0.4986,0.5125,0.5154,0.4907,0.5052,0.5179,0.5154,0.4974,0.4968,0.4784,0.5228,0.3436,0.0964,0.5039,0.5081,0.351,0.4769,0.4873,0.5084,0.3439,0.4628,0.4911,0.5777,0.4411,0.5609,0.5102,0.4987,0.4452,0.4763,0.4946,0.5003,0.4282,0.4857,0.5261,0.5552,0.5525,0.428,0.4835,0.5394,0.4429,0.4276,0.4618,0.5025,0.4832,0.4167,0.4813,0.0997,0.5116,0.5949,0.0972,0.1075,0.4654,0.511,0.0975,0.0966,0.102,0.4953,0.4652
15000s,0.097,0.5426,0.4626,0.0985,0.097,0.5264,0.4809,0.0949,0.0956,0.5178,0.476,0.0993,0.421,0.5417,0.5386,0.5596,0.4412,0.5258,0.5428,0.546,0.4454,0.5145,0.5187,0.567,0.6088,0.5194,0.5277,0.0982,0.5396,0.5375,0.5393,0.0986,0.5512,0.54,0.5375,0.1057,0.5139,0.543,0.5129,0.519,0.523,0.4994,0.5161,0.5158,0.5216,0.5073,0.5091,0.4877,0.5323,0.3596,0.0963,0.5109,0.5163,0.3674,0.4888,0.4924,0.5156,0.3591,0.4727,0.5007,0.592,0.4317,0.5659,0.5223,0.5009,0.4623,0.4864,0.5012,0.507,0.4432,0.4929,0.5353,0.5771,0.5765,0.4106,0.5006,0.5598,0.4616,0.4039,0.4772,0.5157,0.4941,0.4128,0.4838,0.0997,0.533,0.5982,0.0972,0.1096,0.4728,0.5178,0.0975,0.0966,0.102,0.503,0.4849
15600s,0.097,0.5506,0.4725,0.0985,0.097,0.5325,0.4864,0.0949,0.0956,0.5279,0.4899,0.0994,0.4317,0.545,0.5412,0.5562,0.4551,0.5368,0.5408,0.5489,0.4536,0.4967,0.5252,0.58,0.6062,0.5262,0.5321,0.0983,0.5439,0.5309,0.5426,0.0986,0.5529,0.5338,0.5455,0.1071,0.5188,0.5549,0.5241,0.5249,0.5279,0.5131,0.5201,0.5216,0.5266,0.511,0.5206,0.4969,0.5363,0.3752,0.0964,0.5176,0.5219,0.3831,0.4977,0.4985,0.5221,0.3726,0.4822,0.5071,0.6081,0.4566,0.5713,0.5332,0.5095,0.4758,0.4917,0.5104,0.5146,0.4569,0.4993,0.5422,0.5966,0.595,0.425,0.5202,0.5791,0.4776,0.3831,0.4925,0.5266,0.5035,0.4162,0.4969,0.0997,0.5576,0.5943,0.0972,0.1121,0.4915,0.5217,0.0976,0.0966,0.1019,0.5103,0.5021
16200s,0.0969,0.5581,0.4829,0.0985,0.097,0.5396,0.4931,0.0949,0.0957,0.5285,0.5049,0.0995,0.446,0.5482,0.5455,0.5621,0.4604,0.5292,0.5369,0.5519,0.4538,0.4987,0.5321,0.5909,0.6101,0.5319,0.5368,0.0982,0.5492,0.5466,0.5456,0.0986,0.5551,0.5309,0.5515,0.1055,0.5262,0.5638,0.5333,0.5304,0.5341,0.5151,0.5272,0.5222,0.5223,0.5086,0.5286,0.5084,0.5445,0.3908,0.0964,0.5219,0.5288,0.4003,0.5032,0.5036,0.5312,0.3867,0.4908,0.514,0.6179,0.4721,0.5767,0.5374,0.5149,0.4904,0.4973,0.5084,0.5193,0.469,0.5049,0.5476,0.6157,0.6106,0.4405,0.5363,0.575,0.4907,0.4062,0.5033,0.5308,0.5129,0.422,0.5022,0.0998,0.561,0.5929,0.0972,0.1153,0.5037,0.5283,0.0975,0.0966,0.102,0.5204,0.5211
16800s,0.097,0.5667,0.4904,0.0986,0.097,0.5441,0.5031,0.0949,0.0957,0.5343,0.5201,0.0995,0.4612,0.5536,0.5547,0.5717,0.4712,0.5306,0.5386,0.5573,0.4606,0.5058,0.539,0.6042,0.6168,0.5391,0.5422,0.0983,0.5567,0.55,0.5514,0.0987,0.5579,0.5317,0.5598,0.1092,0.5345,0.5697,0.5425,0.5346,0.5408,0.5185,0.5339,0.526,0.525,0.5127,0.5361,0.5127,0.5516,0.4069,0.0964,0.5301,0.5353,0.4108,0.5127,0.5088,0.5373,0.4007,0.5007,0.5204,0.6277,0.4924,0.5842,0.5464,0.522,0.5074,0.5065,0.5151,0.5274,0.4848,0.5087,0.5554,0.6322,0.6249,0.4564,0.5525,0.57,0.5017,0.4253,0.5147,0.538,0.5107,0.4353,0.5113,0.0998,0.5727,0.5948,0.0972,0.119,0.5151,0.5321,0.0974,0.0966,0.1021,0.5248,0.537
17400s,0.0969,0.5762,0.5013,0.0986,0.097,0.5583,0.5133,0.0949,0.0957,0.5531,0.5263,0.0995,0.476,0.5608,0.5542,0.579,0.4834,0.5387,0.5411,0.5621,0.4657,0.5127,0.5463,0.6055,0.6189,0.5463,0.5478,0.0983,0.5647,0.551,0.5615,0.0987,0.5607,0.5325,0.5687,0.1066,0.5404,0.5747,0.5525,0.5426,0.5478,0.5263,0.5418,0.5331,0.5299,0.5144,0.5437,0.5191,0.5565,0.4204,0.0964,0.5362,0.5444,0.4216,0.5211,0.5152,0.5432,0.4102,0.5095,0.5262,0.6373,0.5133,0.588,0.5513,0.5277,0.524,0.5127,0.5191,0.5323,0.4968,0.5147,0.5638,0.6471,0.636,0.4752,0.5715,0.5816,0.5137,0.443,0.5243,0.5501,0.5233,0.4501,0.5203,0.0998,0.5782,0.5992,0.0973,0.1239,0.5275,0.5431,0.0975,0.0966,0.1021,0.5322,0.5513
18000s,0.0969,0.5776,0.5123,0.0986,0.097,0.5595,0.5292,0.0949,0.0957,0.5607,0.5405,0.0994,0.4911,0.5663,0.5591,0.5823,0.494,0.5462,0.5433,0.5677,0.4747,0.5287,0.5562,0.6117,0.6238,0.5522,0.5532,0.0983,0.5718,0.5604,0.5644,0.0987,0.5625,0.5354,0.5769,0.1098,0.5467,0.5814,0.5601,0.5462,0.5541,0.5355,0.5487,0.5373,0.5335,0.5212,0.5509,0.5254,0.5723,0.4302,0.0964,0.5417,0.5545,0.4305,0.527,0.5214,0.551,0.4196,0.5175,0.5344,0.6461,0.5334,0.5943,0.5565,0.5332,0.5369,0.5205,0.5248,0.5399,0.5096,0.5207,0.5722,0.6613,0.6486,0.496,0.5871,0.6006,0.5222,0.4601,0.5359,0.5597,0.5292,0.4646,0.531,0.0996,0.5877,0.606,0.0972,0.1298,0.5399,0.5472,0.0974,0.0966,0.1027,0.5403,0.5692
18600s,0.0969,0.5854,0.5188,0.0986,0.097,0.5687,0.5358,0.0949,0.0956,0.5669,0.5533,0.0994,0.5047,0.5742,0.5628,0.5902,0.5034,0.554,0.5485,0.5722,0.482,0.5259,0.564,0.6232,0.6291,0.5578,0.5578,0.0983,0.5786,0.569,0.5704,0.0988,0.5666,0.5376,0.5832,0.1084,0.5537,0.5876,0.565,0.547,0.5605,0.5368,0.5533,0.5433,0.5389,0.5228,0.5589,0.5325,0.5741,0.4398,0.0964,0.5471,0.5617,0.4385,0.5336,0.528,0.5558,0.4256,0.5223,0.541,0.6533,0.5494,0.6008,0.564,0.5389,0.5475,0.5264,0.5301,0.5454,0.5223,0.5231,0.5787,0.6469,0.6569,0.5172,0.5991,0.6251,0.5309,0.4755,0.5441,0.5634,0.5379,0.4806,0.539,0.0996,0.5976,0.6073,0.0972,0.1373,0.5487,0.5516,0.0975,0.0966,0.102,0.5449,0.5802
19200s,0.097,0.5908,0.5265,0.0986,0.0971,0.5739,0.5393,0.0949,0.0956,0.566,0.5587,0.0994,0.5188,0.5778,0.5691,0.6006,0.5141,0.5576,0.5554,0.5761,0.4843,0.5307,0.5857,0.6346,0.637,0.5636,0.5638,0.0983,0.5853,0.5674,0.5768,0.0988,0.5688,0.5397,0.5906,0.1076,0.5597,0.5914,0.5721,0.5525,0.5673,0.543,0.5599,0.5492,0.5443,0.5331,0.5652,0.5382,0.5815,0.4471,0.0964,0.5526,0.573,0.4472,0.5391,0.5323,0.5644,0.4327,0.5282,0.5471,0.6636,0.5643,0.6065,0.5694,0.5449,0.5557,0.5326,0.5367,0.5524,0.5349,0.53,0.5875,0.6514,0.6631,0.5401,0.6107,0.6646,0.5396,0.493,0.5511,0.5707,0.5429,0.496,0.5459,0.0997,0.6088,0.6075,0.0973,0.147,0.5593,0.5556,0.0975,0.0966,0.1023,0.5528,0.5944
19801s,0.097,0.599,0.5314,0.0986,0.097,0.5785,0.5435,0.0949,0.0956,0.5726,0.5684,0.0995,0.5327,0.5835,0.5733,0.604,0.5165,0.5632,0.559,0.5813,0.49,0.5423,0.5754,0.6383,0.6384,0.5695,0.5698,0.0983,0.5919,0.5739,0.584,0.0989,0.5724,0.5409,0.5971,0.1085,0.5667,0.6006,0.5805,0.5614,0.5742,0.5496,0.567,0.5551,0.55,0.5354,0.573,0.5445,0.5887,0.4571,0.0964,0.5592,0.5808,0.4544,0.5454,0.5399,0.5754,0.4385,0.5349,0.5528,0.6726,0.5787,0.6155,0.5764,0.5506,0.5669,0.539,0.5422,0.5565,0.5432,0.5344,0.5961,0.6559,0.6653,0.5645,0.6199,0.7052,0.5456,0.5066,0.5563,0.5758,0.5479,0.5089,0.5511,0.0998,0.6227,0.617,0.0972,0.1596,0.5698,0.5642,0.0975,0.0968,0.1021,0.5591,0.6063
20400s,0.097,0.607,0.5424,0.0986,0.097,0.5819,0.5503,0.0949,0.0957,0.5806,0.5827,0.0995,0.5442,0.5911,0.5783,0.6107,0.5212,0.5705,0.5664,0.5863,0.4931,0.5399,0.5814,0.6454,0.6486,0.575,0.5744,0.0983,0.5992,0.5795,0.5889,0.0989,0.5755,0.5429,0.6053,0.1077,0.5734,0.6041,0.5864,0.5671,0.5796,0.5557,0.5722,0.5594,0.5527,0.5402,0.5785,0.5506,0.5984,0.4644,0.0963,0.5645,0.583,0.462,0.5511,0.5457,0.5783,0.4432,0.5406,0.56,0.683,0.5903,0.6247,0.5834,0.5558,0.5776,0.5461,0.5481,0.5624,0.5548,0.5406,0.6049,0.6602,0.6703,0.5863,0.6281,0.726,0.5532,0.522,0.5618,0.5832,0.5545,0.5239,0.5586,0.0998,0.635,0.6221,0.0972,0.1746,0.5792,0.5633,0.0973,0.0966,0.1022,0.5657,0.616
21000s,0.0971,0.6153,0.5475,0.0987,0.0971,0.5815,0.5601,0.095,0.0956,0.5835,0.5856,0.0996,0.5528,0.5968,0.5837,0.6161,0.5282,0.581,0.5702,0.5913,0.4994,0.5561,0.5866,0.6577,0.6547,0.5815,0.5804,0.0985,0.6076,0.5867,0.5938,0.0992,0.5792,0.5441,0.614,0.111,0.5834,0.6115,0.5938,0.5733,0.5875,0.5627,0.5796,0.5652,0.5582,0.546,0.5869,0.5578,0.6035,0.4713,0.0965,0.5678,0.5865,0.468,0.5582,0.5513,0.581,0.448,0.5468,0.5667,0.6934,0.5992,0.632,0.5895,0.5607,0.5874,0.5518,0.554,0.5684,0.561,0.5454,0.612,0.6653,0.6763,0.6076,0.6362,0.7376,0.5608,0.5397,0.5704,0.5905,0.5617,0.5378,0.5662,0.0998,0.648,0.6265,0.0974,0.1944,0.5889,0.5685,0.0976,0.0967,0.1022,0.5727,0.6285
21600s,0.0972,0.6219,0.553,0.0986,0.0971,0.5828,0.5685,0.0949,0.0957,0.5866,0.5933,0.0995,0.5659,0.6046,0.5894,0.6266,0.5382,0.587,0.5752,0.5963,0.5027,0.5534,0.5939,0.6595,0.6641,0.5881,0.586,0.0984,0.6154,0.5907,0.6028,0.0991,0.5834,0.549,0.6253,0.1097,0.5909,0.6178,0.6022,0.579,0.5947,0.5706,0.5859,0.5708,0.5625,0.5514,0.5951,0.5624,0.6105,0.4778,0.0964,0.5779,0.5956,0.4744,0.5676,0.558,0.5893,0.4546,0.5535,0.5724,0.7032,0.6096,0.64,0.5968,0.566,0.5991,0.5612,0.5618,0.5738,0.5699,0.552,0.6199,0.6715,0.683,0.6273,0.645,0.7501,0.569,0.5544,0.5805,0.5969,0.5687,0.5485,0.5733,0.0997,0.6612,0.6339,0.0972,0.2212,0.5998,0.5753,0.0974,0.0966,0.102,0.5821,0.6431
22200s,0.097,0.6293,0.5614,0.0986,0.0971,0.5861,0.5797,0.0949,0.0957,0.5916,0.6005,0.0995,0.5775,0.6106,0.5957,0.6268,0.5363,0.5934,0.586,0.5993,0.5047,0.5583,0.6062,0.6647,0.6752,0.593,0.5909,0.0984,0.6215,0.5943,0.6099,0.0992,0.5867,0.5511,0.6303,0.1095,0.5966,0.6235,0.6089,0.5857,0.6023,0.5774,0.5924,0.5769,0.567,0.5563,0.6027,0.5687,0.6187,0.483,0.0964,0.5833,0.6025,0.479,0.575,0.5612,0.5943,0.4597,0.5587,0.5776,0.7113,0.6203,0.6469,0.6053,0.5721,0.6066,0.5682,0.5704,0.5798,0.5779,0.557,0.627,0.6797,0.6747,0.6455,0.6567,0.7615,0.5754,0.5676,0.5909,0.6045,0.5752,0.559,0.5832,0.0996,0.6742,0.6437,0.0972,0.2478,0.6096,0.5799,0.0974,0.097,0.102,0.5892,0.6547
22800s,0.097,0.6361,0.5683,0.0986,0.097,0.5961,0.5806,0.0949,0.0955,0.5993,0.6089,0.0995,0.5883,0.6199,0.6029,0.6302,0.5406,0.6032,0.5879,0.6049,0.5109,0.5638,0.6149,0.6703,0.6863,0.6032,0.5998,0.0984,0.6282,0.5979,0.6179,0.0994,0.5925,0.5591,0.6368,0.11,0.6035,0.6317,0.6155,0.5942,0.6135,0.5851,0.606,0.585,0.572,0.5632,0.6099,0.5753,0.6277,0.4893,0.0964,0.5909,0.6244,0.4843,0.5847,0.5656,0.6049,0.4655,0.5641,0.5835,0.7189,0.6279,0.6513,0.6136,0.5777,0.6127,0.5735,0.577,0.585,0.5866,0.5633,0.6339,0.6871,0.6726,0.6593,0.6666,0.7705,0.5842,0.5802,0.6002,0.6104,0.5821,0.5688,0.5919,0.0995,0.6883,0.6479,0.0972,0.262,0.621,0.5862,0.0974,0.0969,0.1022,0.5958,0.6668
23400s,0.0971,0.6419,0.5773,0.0986,0.0971,0.5924,0.5901,0.095,0.0956,0.6068,0.6147,0.0996,0.5961,0.6262,0.6089,0.641,0.5466,0.608,0.592,0.608,0.5148,0.5691,0.611,0.677,0.6951,0.6048,0.6062,0.0985,0.6354,0.6042,0.6261,0.0997,0.5958,0.5588,0.6425,0.1107,0.6098,0.6394,0.6234,0.6001,0.6197,0.5903,0.6091,0.5897,0.5762,0.5679,0.6167,0.5781,0.6358,0.4958,0.0964,0.5965,0.6241,0.4887,0.592,0.5712,0.6056,0.4694,0.5669,0.5895,0.7271,0.6341,0.6552,0.6235,0.5828,0.6215,0.5782,0.5833,0.5924,0.5907,0.5697,0.639,0.6947,0.6748,0.673,0.6739,0.7769,0.5911,0.5903,0.6067,0.6174,0.5908,0.5794,0.5985,0.0997,0.703,0.653,0.0973,0.2657,0.6281,0.5941,0.0976,0.0968,0.1021,0.6009,0.6783
24000s,0.0972,0.6473,0.5868,0.0987,0.0971,0.5949,0.6024,0.0951,0.0957,0.6112,0.6231,0.0997,0.6051,0.6348,0.6142,0.6402,0.5488,0.6204,0.6039,0.6131,0.5165,0.5762,0.6158,0.6844,0.702,0.6087,0.6123,0.0986,0.6413,0.6082,0.6319,0.1,0.5991,0.5604,0.649,0.112,0.616,0.6477,0.6311,0.6067,0.6253,0.5966,0.6153,0.5946,0.5808,0.5733,0.6233,0.5847,0.6418,0.502,0.0966,0.6016,0.6258,0.493,0.5981,0.5775,0.6096,0.48,0.5728,0.5955,0.736,0.6403,0.6601,0.6305,0.59,0.6296,0.5831,0.5889,0.5989,0.5978,0.5763,0.6452,0.7018,0.6815,0.6884,0.6822,0.7836,0.601,0.6029,0.6143,0.6263,0.6,0.5896,0.6053,0.0996,0.7174,0.6583,0.0974,0.2698,0.6406,0.6007,0.0976,0.0968,0.1021,0.6071,0.6933
24600s,0.0971,0.6537,0.5933,0.0988,0.0972,0.6034,0.6115,0.0951,0.0958,0.6171,0.6322,0.0997,0.6105,0.6436,0.6212,0.65,0.5484,0.6171,0.6035,0.6164,0.5203,0.5784,0.6224,0.6899,0.7093,0.6141,0.6193,0.0986,0.647,0.6129,0.6384,0.1003,0.6022,0.5637,0.6548,0.1132,0.6245,0.6553,0.6389,0.6133,0.6332,0.6043,0.6225,0.5998,0.5878,0.581,0.6298,0.5913,0.6494,0.5082,0.0966,0.6072,0.6341,0.4997,0.6046,0.5832,0.6151,0.4824,0.5779,0.6022,0.7433,0.6505,0.6659,0.6381,0.5962,0.6358,0.5877,0.5944,0.605,0.6094,0.5812,0.6511,0.7095,0.688,0.7006,0.6895,0.7915,0.609,0.6115,0.62,0.6319,0.6057,0.5987,0.6112,0.0998,0.7328,0.6642,0.0974,0.2759,0.6537,0.6073,0.0977,0.097,0.1021,0.6133,0.7052
25200s,0.0971,0.659,0.6019,0.0988,0.0971,0.6034,0.6211,0.095,0.0957,0.6216,0.6401,0.0997,0.6175,0.6534,0.6267,0.6576,0.551,0.6249,0.61,0.6196,0.5202,0.5918,0.6291,0.6968,0.7161,0.6193,0.624,0.0986,0.6539,0.617,0.6456,0.1006,0.6056,0.5658,0.6613,0.1126,0.6328,0.6608,0.643,0.6191,0.6398,0.6095,0.6285,0.6042,0.5925,0.5846,0.6339,0.6014,0.6558,0.5136,0.0966,0.6121,0.6365,0.503,0.6096,0.5879,0.6216,0.4861,0.5824,0.6062,0.7511,0.6605,0.6648,0.6432,0.6021,0.6387,0.5921,0.6006,0.6107,0.6166,0.5851,0.6563,0.717,0.6925,0.7127,0.6979,0.8005,0.6177,0.621,0.6275,0.6392,0.6141,0.6078,0.6167,0.0998,0.7466,0.6687,0.0974,0.2816,0.6654,0.6136,0.0977,0.0969,0.1021,0.6186,0.7185
25800s,0.0971,0.6656,0.6097,0.0988,0.0971,0.6063,0.6267,0.0951,0.0957,0.6269,0.646,0.0997,0.6263,0.6638,0.6364,0.6647,0.5547,0.6302,0.6147,0.6245,0.5338,0.5905,0.6354,0.7004,0.7206,0.6262,0.6362,0.0986,0.6592,0.6215,0.6522,0.101,0.6091,0.5741,0.6668,0.115,0.6422,0.6661,0.6466,0.626,0.6461,0.6179,0.64,0.6098,0.5979,0.5896,0.6413,0.6043,0.6625,0.5202,0.0966,0.6195,0.6465,0.508,0.6184,0.5933,0.6289,0.4954,0.5876,0.6119,0.7582,0.6699,0.669,0.6498,0.6079,0.6444,0.5974,0.6058,0.616,0.6247,0.589,0.6625,0.7252,0.6986,0.7244,0.7059,0.81,0.6262,0.6309,0.6357,0.6461,0.6205,0.6163,0.6232,0.0997,0.7619,0.6732,0.0974,0.2912,0.6765,0.6188,0.0976,0.0968,0.1022,0.6239,0.7322
26400s,0.0972,0.6707,0.6202,0.0988,0.0971,0.6149,0.6355,0.0951,0.0957,0.6317,0.6563,0.0998,0.6318,0.6721,0.6415,0.6733,0.5587,0.6362,0.6223,0.6304,0.5472,0.5949,0.6538,0.7062,0.7271,0.6318,0.6421,0.0986,0.67,0.6279,0.6567,0.1015,0.614,0.5757,0.673,0.1157,0.6588,0.6721,0.6527,0.6326,0.6502,0.621,0.6444,0.6128,0.6023,0.5954,0.6478,0.6127,0.6702,0.5269,0.0966,0.6246,0.6534,0.5125,0.6247,0.5988,0.6349,0.499,0.5934,0.6171,0.7643,0.677,0.6717,0.654,0.613,0.648,0.6016,0.6118,0.6214,0.6326,0.5934,0.6681,0.7331,0.7045,0.7341,0.7145,0.8195,0.6331,0.639,0.6428,0.6527,0.6277,0.6245,0.6305,0.0998,0.7759,0.6795,0.0974,0.3043,0.6877,0.6236,0.0977,0.0967,0.1023,0.6302,0.7446
27000s,0.0973,0.6768,0.6262,0.0989,0.0972,0.6153,0.6466,0.095,0.0957,0.6362,0.6615,0.0998,0.6388,0.6804,0.6466,0.6769,0.5683,0.6425,0.6254,0.6348,0.5529,0.5996,0.6451,0.7113,0.7316,0.637,0.6507,0.0986,0.6749,0.6296,0.6598,0.1022,0.6168,0.5782,0.6783,0.1158,0.6666,0.6786,0.6599,0.6381,0.6567,0.6262,0.6489,0.6176,0.6061,0.5999,0.6524,0.6161,0.6785,0.5349,0.0966,0.6303,0.6615,0.5202,0.6315,0.6031,0.6378,0.5059,0.5984,0.621,0.7712,0.6845,0.6756,0.6603,0.6184,0.6568,0.6065,0.6177,0.6265,0.6389,0.5975,0.6741,0.7422,0.7099,0.7435,0.7225,0.8286,0.6395,0.6463,0.6506,0.6574,0.6348,0.6304,0.6358,0.0996,0.7908,0.6855,0.0974,0.3232,0.6985,0.6289,0.0977,0.0967,0.1023,0.6356,0.7581
27600s,0.0973,0.6833,0.6334,0.0988,0.0972,0.6216,0.6586,0.0951,0.0957,0.6393,0.6678,0.1001,0.6459,0.6873,0.6558,0.6914,0.5666,0.6439,0.6304,0.6403,0.563,0.6043,0.6515,0.7188,0.7369,0.6439,0.6578,0.0986,0.6759,0.6317,0.6638,0.1028,0.6213,0.5827,0.6835,0.1201,0.6776,0.6843,0.66,0.6441,0.6609,0.6318,0.6538,0.6225,0.6101,0.6042,0.658,0.6234,0.6884,0.5434,0.0967,0.6354,0.6686,0.5249,0.6343,0.6083,0.6445,0.5113,0.6038,0.6254,0.7797,0.6913,0.6792,0.6655,0.6226,0.6511,0.6103,0.6242,0.6327,0.6466,0.601,0.6804,0.7505,0.7168,0.7532,0.7303,0.8408,0.6466,0.6564,0.657,0.663,0.6415,0.6398,0.6406,0.0996,0.8074,0.6946,0.0974,0.3421,0.7097,0.6354,0.0977,0.0967,0.1024,0.6426,0.7708
28200s,0.0973,0.6872,0.6414,0.0988,0.0972,0.6268,0.6594,0.095,0.0957,0.6443,0.6762,0.0999,0.6528,0.6964,0.6604,0.6925,0.5753,0.6506,0.6344,0.6441,0.5693,0.6102,0.6561,0.7289,0.7436,0.6536,0.664,0.0986,0.6788,0.6367,0.6704,0.1037,0.6251,0.5852,0.6885,0.1235,0.6882,0.6901,0.6641,0.6509,0.6661,0.6356,0.6587,0.6269,0.615,0.6093,0.6633,0.6265,0.6945,0.55,0.0966,0.6416,0.6632,0.5288,0.6395,0.612,0.6475,0.518,0.6083,0.6288,0.7869,0.6968,0.6826,0.6714,0.6277,0.662,0.6143,0.63,0.6376,0.6534,0.6051,0.6856,0.7581,0.7217,0.7636,0.738,0.8519,0.6557,0.6676,0.6635,0.6714,0.649,0.6493,0.6456,0.0997,0.8209,0.7021,0.0974,0.3623,0.7221,0.6404,0.0977,0.0968,0.1023,0.6471,0.7841
28800s,0.0974,0.6927,0.6496,0.0989,0.0972,0.633,0.6676,0.0951,0.0957,0.6493,0.6802,0.1,0.6636,0.71,0.6702,0.6892,0.5818,0.6561,0.638,0.6491,0.5739,0.6204,0.6594,0.7349,0.7492,0.6619,0.6733,0.0987,0.6875,0.64,0.6761,0.1048,0.6284,0.5901,0.6948,0.1232,0.6962,0.6967,0.6699,0.66,0.6714,0.6422,0.6666,0.6319,0.6193,0.6126,0.6692,0.6376,0.7018,0.5537,0.0967,0.6505,0.6763,0.5322,0.6453,0.6167,0.654,0.5212,0.6146,0.6347,0.7947,0.7103,0.6882,0.6784,0.6326,0.6752,0.6189,0.6361,0.6434,0.6617,0.6088,0.6923,0.7671,0.7269,0.7727,0.7476,0.8611,0.6619,0.6758,0.6689,0.6763,0.6536,0.6552,0.6524,0.0997,0.8417,0.7101,0.0974,0.3802,0.7304,0.6453,0.0978,0.0967,0.1031,0.6529,0.7976
29400s,0.0972,0.6974,0.6573,0.0989,0.0972,0.6412,0.6738,0.095,0.0958,0.6533,0.6864,0.1,0.6725,0.7128,0.6766,0.6937,0.5807,0.6637,0.6526,0.6534,0.5787,0.63,0.6667,0.7532,0.7558,0.6694,0.6838,0.0987,0.6919,0.6441,0.6829,0.1062,0.6342,0.5967,0.7001,0.1296,0.7044,0.7027,0.6776,0.6691,0.673,0.6483,0.6732,0.6361,0.6225,0.6166,0.6739,0.6436,0.7078,0.5556,0.0967,0.6608,0.6762,0.5369,0.6507,0.6211,0.6612,0.5277,0.6219,0.6393,0.8031,0.7094,0.694,0.686,0.6373,0.6788,0.6238,0.6434,0.6495,0.6655,0.6128,0.6974,0.7764,0.7328,0.7811,0.7568,0.871,0.6694,0.6878,0.6762,0.6832,0.6599,0.6587,0.6568,0.0997,0.8511,0.7196,0.0974,0.3964,0.7425,0.6511,0.0979,0.0967,0.1022,0.6588,0.8108
30000s,0.0972,0.7029,0.665,0.0989,0.0972,0.6453,0.683,0.0951,0.0957,0.6579,0.6952,0.0999,0.6811,0.72,0.6805,0.6951,0.5806,0.6712,0.6476,0.6556,0.5821,0.6235,0.671,0.7759,0.7618,0.6732,0.6846,0.0987,0.6974,0.6502,0.6851,0.1077,0.6353,0.5959,0.7056,0.1328,0.7115,0.7083,0.6814,0.6731,0.6772,0.651,0.6787,0.6399,0.6263,0.6196,0.6796,0.6472,0.7165,0.5582,0.0966,0.6587,0.6759,0.5439,0.6532,0.6245,0.6645,0.5274,0.6266,0.6433,0.8108,0.7156,0.695,0.6901,0.6403,0.6867,0.6279,0.6471,0.6532,0.6677,0.6165,0.7039,0.7861,0.7362,0.7862,0.7626,0.8792,0.6755,0.6935,0.6806,0.6894,0.6652,0.6633,0.6615,0.0997,0.8612,0.731,0.0974,0.4136,0.7556,0.6571,0.0979,0.0967,0.1022,0.6664,0.8237
30600s,0.0973,0.7081,0.6756,0.0989,0.0972,0.6555,0.6866,0.0951,0.0958,0.6625,0.6998,0.1006,0.6818,0.7252,0.6814,0.6984,0.5944,0.6803,0.6508,0.6588,0.5867,0.63,0.6754,0.7924,0.7693,0.6765,0.6874,0.0987,0.7028,0.6535,0.6883,0.1094,0.6376,0.5973,0.7108,0.139,0.7199,0.7128,0.6845,0.6764,0.6801,0.6537,0.6807,0.6429,0.6292,0.624,0.6831,0.6548,0.7213,0.5592,0.0967,0.6616,0.6808,0.5445,0.6554,0.6265,0.669,0.5268,0.6301,0.6488,0.8187,0.7216,0.699,0.6945,0.6449,0.6989,0.6318,0.6523,0.6582,0.6727,0.6202,0.7121,0.7961,0.7417,0.7942,0.77,0.8893,0.6818,0.7022,0.684,0.6946,0.6709,0.6686,0.6673,0.0998,0.8723,0.7406,0.0974,0.4278,0.7676,0.6622,0.098,0.0967,0.1022,0.6738,0.8366
31200s,0.0975,0.712,0.6827,0.0989,0.0972,0.6539,0.6863,0.0951,0.0958,0.6662,0.7106,0.1002,0.6878,0.7307,0.685,0.7035,0.5886,0.6758,0.6569,0.6621,0.5905,0.6352,0.6815,0.8021,0.7759,0.6831,0.6924,0.0987,0.7074,0.6547,0.6922,0.1113,0.6414,0.5996,0.7151,0.1425,0.7304,0.7194,0.6862,0.6807,0.6822,0.6565,0.685,0.6466,0.6334,0.6308,0.689,0.6629,0.7317,0.5631,0.0967,0.6656,0.685,0.5474,0.6608,0.6292,0.6765,0.5307,0.6348,0.6543,0.8261,0.7274,0.7035,0.6997,0.65,0.7028,0.6356,0.6562,0.6633,0.6783,0.6252,0.7231,0.8062,0.7488,0.8002,0.7746,0.8985,0.6886,0.709,0.6874,0.6997,0.6759,0.6735,0.6719,0.0997,0.884,0.7529,0.0974,0.4394,0.78,0.6673,0.0981,0.0967,0.1029,0.6819,0.848
31800s,0.0973,0.7187,0.6911,0.0989,0.0972,0.6557,0.6893,0.0951,0.0958,0.6718,0.7167,0.1002,0.695,0.7348,0.688,0.7071,0.6025,0.6795,0.6605,0.6676,0.5952,0.6406,0.6867,0.8126,0.7876,0.6914,0.6976,0.0988,0.7125,0.6607,0.6966,0.1138,0.6458,0.6036,0.7204,0.149,0.7419,0.7261,0.6916,0.6875,0.6883,0.6608,0.6904,0.6509,0.6381,0.6341,0.6928,0.6715,0.7448,0.5686,0.0967,0.6709,0.693,0.5505,0.6662,0.6337,0.6848,0.5338,0.6398,0.6612,0.8361,0.7335,0.7093,0.708,0.6563,0.7078,0.64,0.6614,0.6682,0.6853,0.6295,0.7312,0.8164,0.7559,0.8084,0.7829,0.9078,0.6962,0.7175,0.6937,0.7068,0.6832,0.6805,0.6781,0.0997,0.897,0.7657,0.0974,0.4506,0.7929,0.6747,0.0982,0.0967,0.1021,0.6871,0.8607
32400s,0.0972,0.7263,0.6978,0.0989,0.0972,0.6625,0.6933,0.095,0.0958,0.6767,0.7219,0.1003,0.7021,0.7446,0.6934,0.7287,0.5993,0.6865,0.6641,0.6728,0.5969,0.6481,0.6913,0.8016,0.7912,0.701,0.7084,0.0988,0.7169,0.6613,0.701,0.1169,0.649,0.6062,0.7285,0.1564,0.751,0.7331,0.6979,0.6953,0.6934,0.6666,0.6955,0.6548,0.6413,0.6383,0.6972,0.6796,0.7588,0.5728,0.0967,0.6788,0.7106,0.5526,0.6726,0.6383,0.6917,0.5387,0.6453,0.6657,0.8441,0.7405,0.7165,0.7156,0.6619,0.7137,0.6442,0.6666,0.6738,0.6888,0.6341,0.7384,0.8263,0.7652,0.8169,0.7912,0.9152,0.704,0.7267,0.7009,0.7142,0.6904,0.6878,0.6845,0.0998,0.9092,0.7776,0.0975,0.4622,0.8062,0.6823,0.0982,0.0967,0.1024,0.6977,0.8745
33000s,0.0973,0.7353,0.7038,0.099,0.0973,0.6733,0.6934,0.0951,0.0959,0.6819,0.7257,0.1005,0.7078,0.7504,0.6973,0.7316,0.6075,0.6923,0.6715,0.6752,0.6004,0.6544,0.6972,0.808,0.7957,0.7116,0.7199,0.0988,0.7205,0.6682,0.7059,0.1205,0.6534,0.6104,0.7376,0.1688,0.761,0.7411,0.7044,0.7033,0.6971,0.6709,0.6996,0.6606,0.6462,0.6433,0.7053,0.6883,0.7658,0.5776,0.0968,0.6859,0.7212,0.5565,0.6824,0.6441,0.6981,0.5433,0.6518,0.6742,0.852,0.7461,0.7242,0.722,0.6702,0.7176,0.6487,0.6723,0.6797,0.6928,0.6398,0.7456,0.8369,0.7728,0.8232,0.7983,0.9242,0.7122,0.7339,0.7056,0.7203,0.6968,0.6945,0.6913,0.0999,0.9221,0.7884,0.0974,0.4698,0.8168,0.69,0.0984,0.0968,0.1024,0.7043,0.8872
33600s,0.0974,0.7431,0.7106,0.099,0.0973,0.6849,0.7005,0.0951,0.0958,0.6886,0.733,0.1006,0.7121,0.7563,0.7036,0.7511,0.6141,0.6974,0.6757,0.6783,0.5999,0.6619,0.7022,0.8263,0.7992,0.7184,0.7221,0.0988,0.7233,0.6695,0.7106,0.1241,0.6561,0.6128,0.7422,0.1741,0.7697,0.7463,0.7113,0.7091,0.7009,0.6731,0.7031,0.6644,0.6493,0.6473,0.7144,0.6952,0.7732,0.5825,0.0968,0.6873,0.7259,0.5593,0.6899,0.6473,0.6996,0.5477,0.6593,0.6793,0.8591,0.7517,0.7328,0.7282,0.6769,0.7292,0.6522,0.6794,0.6843,0.6966,0.6433,0.7479,0.848,0.7816,0.8324,0.8055,0.9335,0.7201,0.7424,0.7115,0.7267,0.7036,0.7009,0.6985,0.0998,0.9348,0.8045,0.0974,0.4791,0.829,0.6989,0.0986,0.0967,0.1024,0.7095,0.9009
34200s,0.0973,0.7477,0.7169,0.099,0.0973,0.6985,0.7077,0.0951,0.0959,0.6938,0.7428,0.1008,0.7154,0.7632,0.7103,0.7486,0.6207,0.7077,0.6861,0.6837,0.6043,0.6596,0.7064,0.8294,0.8019,0.7253,0.7278,0.0988,0.7301,0.6724,0.7168,0.1291,0.6601,0.6174,0.7461,0.1864,0.7836,0.7544,0.7148,0.7172,0.7061,0.6798,0.7112,0.6736,0.654,0.6512,0.7194,0.701,0.7831,0.5864,0.0968,0.6956,0.7344,0.5626,0.6955,0.656,0.7047,0.5501,0.6674,0.6917,0.8674,0.7599,0.7441,0.7374,0.6847,0.7304,0.6579,0.6881,0.6917,0.6997,0.6482,0.7519,0.8578,0.7916,0.8386,0.8172,0.941,0.7286,0.7507,0.7183,0.7352,0.7105,0.7068,0.7075,0.0999,0.9477,0.8133,0.0974,0.4886,0.8422,0.707,0.0988,0.0967,0.1024,0.7133,0.9142
34800s,0.0974,0.7519,0.723,0.099,0.0973,0.7004,0.7145,0.095,0.0958,0.6987,0.7485,0.101,0.7168,0.7738,0.7156,0.7555,0.6238,0.7151,0.6876,0.688,0.6073,0.6648,0.7153,0.8291,0.806,0.7382,0.7336,0.0988,0.74,0.6765,0.7229,0.135,0.6621,0.6179,0.7498,0.2004,0.793,0.7605,0.7257,0.7234,0.7139,0.684,0.7175,0.6796,0.6572,0.6542,0.7224,0.7099,0.7882,0.5901,0.0968,0.703,0.7394,0.5655,0.6977,0.6617,0.7092,0.5538,0.6719,0.702,0.8776,0.7679,0.7525,0.7443,0.6922,0.7381,0.664,0.6936,0.6978,0.705,0.6521,0.7536,0.8673,0.7978,0.8479,0.8234,0.949,0.7386,0.7625,0.725,0.7439,0.7173,0.7117,0.7166,0.0998,0.9597,0.8235,0.0974,0.4967,0.8552,0.7208,0.099,0.0967,0.1023,0.7176,0.9259
35400s,0.0977,0.7551,0.73,0.099,0.0973,0.7038,0.7206,0.0951,0.0958,0.7036,0.7566,0.1012,0.7234,0.7792,0.7195,0.7628,0.6267,0.7202,0.6902,0.6907,0.6088,0.6686,0.7278,0.832,0.8079,0.7469,0.739,0.0989,0.7479,0.6828,0.7273,0.1412,0.6655,0.6235,0.7518,0.2164,0.7991,0.7659,0.7311,0.7317,0.7164,0.6883,0.7237,0.683,0.6607,0.6583,0.7248,0.7133,0.7951,0.5922,0.0968,0.7088,0.7399,0.569,0.7013,0.6652,0.7138,0.5571,0.6746,0.7056,0.8853,0.7727,0.7565,0.7499,0.6987,0.7352,0.6694,0.697,0.7034,0.7053,0.6597,0.7587,0.8756,0.8049,0.8542,0.8268,0.9558,0.7444,0.7724,0.731,0.7504,0.722,0.7158,0.7244,0.0998,0.9707,0.8298,0.0975,0.5017,0.8673,0.7287,0.0993,0.0968,0.1022,0.7213,0.9382
36000s,0.0974,0.7594,0.7372,0.099,0.0972,0.7088,0.7349,0.0951,0.0958,0.7154,0.7575,0.1014,0.7254,0.7887,0.7285,0.7662,0.6327,0.7078,0.6984,0.6968,0.6132,0.6741,0.7267,0.8431,0.812,0.758,0.7571,0.0989,0.7541,0.6887,0.7308,0.1495,0.6692,0.6283,0.7564,0.2341,0.8072,0.7731,0.7368,0.7424,0.7285,0.6949,0.7246,0.6868,0.6647,0.6627,0.7271,0.7251,0.7992,0.5985,0.0968,0.7261,0.7442,0.5763,0.7057,0.6697,0.7188,0.5616,0.6786,0.7138,0.8933,0.7821,0.7665,0.7624,0.7099,0.7382,0.6741,0.7009,0.7114,0.7128,0.6658,0.7615,0.887,0.8126,0.8659,0.8331,0.9641,0.7546,0.7817,0.7407,0.7596,0.7296,0.7238,0.7396,0.0998,0.9834,0.8358,0.0974,0.5086,0.8806,0.7377,0.0996,0.0968,0.1023,0.7266,0.9525
36600s,0.0974,0.7625,0.7452,0.099,0.0974,0.7169,0.7421,0.0951,0.0959,0.7217,0.7607,0.1018,0.721,0.7969,0.7348,0.7758,0.6288,0.7289,0.7075,0.7028,0.6117,0.6787,0.7332,0.8453,0.8161,0.7647,0.7647,0.0989,0.7618,0.7039,0.738,0.1595,0.6727,0.6362,0.7596,0.2528,0.8133,0.7804,0.748,0.751,0.7383,0.6968,0.7235,0.6894,0.6687,0.667,0.729,0.7388,0.8008,0.6057,0.0968,0.7296,0.7461,0.5812,0.7078,0.674,0.721,0.5649,0.6808,0.7179,0.8999,0.7895,0.774,0.7711,0.7179,0.7464,0.676,0.7032,0.7159,0.7179,0.669,0.7644,0.8973,0.8183,0.8746,0.8266,0.9717,0.7617,0.7877,0.7456,0.7668,0.7355,0.7293,0.7503,0.0998,0.9959,0.8407,0.0975,0.5143,0.892,0.7462,0.1,0.0967,0.1022,0.7303,0.9649
37200s,0.0975,0.7685,0.751,0.099,0.0973,0.7151,0.7475,0.0951,0.0959,0.7271,0.7717,0.1022,0.7233,0.8022,0.7415,0.7768,0.6389,0.7403,0.7144,0.711,0.6155,0.683,0.7346,0.8631,0.8164,0.7664,0.7653,0.0989,0.7655,0.6976,0.7395,0.1726,0.6801,0.6402,0.7621,0.2721,0.819,0.7883,0.7465,0.752,0.7421,0.7023,0.7279,0.6924,0.6767,0.6749,0.7315,0.7412,0.8029,0.6101,0.0968,0.7307,0.7425,0.5836,0.7109,0.6753,0.7253,0.5714,0.6833,0.721,0.9052,0.7973,0.7774,0.7754,0.7253,0.7516,0.679,0.7052,0.7202,0.7278,0.672,0.7657,0.9075,0.8267,0.8827,0.8331,0.9802,0.7681,0.793,0.7484,0.7745,0.7431,0.7364,0.7561,0.1001,1.0126,0.8441,0.0975,0.5267,0.9043,0.7517,0.1005,0.0968,0.1024,0.7303,0.9806
37800s,0.0974,0.7713,0.7566,0.099,0.0973,0.7215,0.7544,0.0952,0.0958,0.7313,0.7734,0.1027,0.7294,0.8096,0.7476,0.7625,0.6333,0.7483,0.7171,0.7153,0.6156,0.6882,0.7379,0.862,0.8191,0.7675,0.7675,0.0989,0.7575,0.7006,0.7389,0.1875,0.6835,0.6392,0.7634,0.2916,0.825,0.794,0.7462,0.7527,0.7425,0.7049,0.7281,0.6939,0.6806,0.6787,0.733,0.7502,0.8055,0.6122,0.0969,0.7245,0.7439,0.5854,0.7128,0.6758,0.727,0.5748,0.6841,0.7235,0.9095,0.8025,0.7815,0.7789,0.7321,0.7575,0.6803,0.7082,0.7228,0.7311,0.6741,0.7685,0.9163,0.8352,0.891,0.8384,0.9875,0.773,0.7959,0.7519,0.7815,0.7489,0.7405,0.7633,0.0999,1.0276,0.847,0.0975,0.5337,0.9171,0.7581,0.1011,0.0968,0.1024,0.7339,0.9948
38400s,0.0976,0.7739,0.7601,0.099,0.0973,0.734,0.762,0.0952,0.0958,0.7371,0.7727,0.1033,0.7254,0.8186,0.7503,0.7911,0.6395,0.7593,0.7177,0.7185,0.6174,0.6923,0.7406,0.8621,0.8226,0.7708,0.7719,0.0989,0.7688,0.7029,0.7439,0.2022,0.686,0.6399,0.7676,0.3129,0.8312,0.7999,0.7453,0.755,0.7442,0.7062,0.7261,0.6955,0.6827,0.6808,0.7349,0.7534,0.808,0.6142,0.0969,0.7281,0.747,0.5858,0.7139,0.6778,0.7272,0.5771,0.6863,0.7261,0.9149,0.8115,0.7876,0.7839,0.7387,0.7607,0.6816,0.7119,0.7257,0.7381,0.6761,0.7722,0.9247,0.8438,0.9002,0.8473,0.9935,0.7801,0.8015,0.7537,0.7876,0.7546,0.7459,0.7681,0.0999,1.0441,0.8541,0.0975,0.5407,0.9333,0.7653,0.1019,0.0967,0.1024,0.7326,1.0078
39000s,0.0975,0.7759,0.7658,0.099,0.0973,0.7389,0.771,0.0952,0.0959,0.7431,0.7754,0.104,0.725,0.825,0.7544,0.7787,0.6463,0.7653,0.7219,0.7227,0.619,0.7001,0.7427,0.867,0.8251,0.7749,0.7737,0.099,0.7608,0.7035,0.7432,0.2223,0.6887,0.6417,0.7691,0.3323,0.8383,0.8057,0.7465,0.7571,0.7487,0.7079,0.7295,0.6992,0.6863,0.6836,0.7372,0.7642,0.8111,0.6177,0.0969,0.7303,0.7483,0.587,0.7174,0.6796,0.7285,0.5774,0.6884,0.7277,0.9198,0.7898,0.7945,0.788,0.744,0.7631,0.6835,0.7141,0.7279,0.7445,0.6789,0.7725,0.9329,0.8559,0.9096,0.8559,0.9931,0.7868,0.8077,0.7558,0.7921,0.7591,0.7531,0.7751,0.0999,1.0589,0.8586,0.0975,0.5477,0.9487,0.7735,0.1028,0.0967,0.1024,0.736,1.0203
39600s,0.0975,0.7786,0.7669,0.0991,0.0974,0.7411,0.778,0.0952,0.0959,0.7468,0.7783,0.1049,0.7349,0.8226,0.7612,0.7886,0.6372,0.7754,0.7255,0.7242,0.6243,0.7061,0.7453,0.8745,0.8274,0.7791,0.7791,0.099,0.7693,0.711,0.7466,0.2398,0.6894,0.6419,0.7729,0.3368,0.8433,0.8102,0.751,0.7607,0.7503,0.71,0.7315,0.7025,0.6883,0.6856,0.7378,0.763,0.8139,0.6213,0.0969,0.7348,0.7488,0.5884,0.7202,0.6818,0.7308,0.5795,0.6904,0.7324,0.9247,0.8024,0.8048,0.7929,0.7494,0.7713,0.6849,0.7161,0.7298,0.7542,0.6813,0.772,0.9401,0.8617,0.9192,0.8629,0.9934,0.7956,0.8141,0.7586,0.7963,0.7635,0.7602,0.7835,0.1,1.0715,0.862,0.0975,0.5535,0.9621,0.7814,0.1038,0.0968,0.1024,0.735,1.031
40200s,0.0978,0.7806,0.7704,0.0991,0.0973,0.7502,0.7849,0.0952,0.0959,0.7546,0.7821,0.1059,0.7364,0.8279,0.7664,0.803,0.6498,0.7762,0.7257,0.7264,0.6271,0.7108,0.7482,0.8759,0.8296,0.7823,0.7804,0.099,0.7738,0.6994,0.7475,0.2614,0.6896,0.6412,0.7771,0.331,0.8485,0.8153,0.7555,0.766,0.7541,0.7104,0.7339,0.7043,0.6896,0.6878,0.7402,0.7679,0.8169,0.6244,0.0969,0.7367,0.7498,0.5897,0.7211,0.6826,0.7342,0.5801,0.6921,0.73,0.9287,0.8127,0.8107,0.7962,0.7533,0.7781,0.6869,0.7181,0.7327,0.7618,0.6846,0.7744,0.9469,0.8698,0.9274,0.8685,0.993,0.8031,0.8184,0.761,0.8002,0.7661,0.7659,0.7886,0.1,1.086,0.8659,0.0976,0.561,0.9759,0.7904,0.105,0.0968,0.1022,0.7385,1.0426
40800s,0.0975,0.7821,0.7719,0.0991,0.0974,0.753,0.7951,0.0952,0.0959,0.7579,0.784,0.1071,0.7385,0.8393,0.7706,0.8005,0.6541,0.7789,0.7309,0.7278,0.628,0.7145,0.7547,0.8777,0.8314,0.7888,0.7833,0.099,0.7834,0.712,0.7512,0.2825,0.6915,0.6421,0.7784,0.3268,0.8532,0.8213,0.7597,0.7716,0.7585,0.7138,0.7351,0.7073,0.6924,0.6897,0.7413,0.7692,0.8194,0.6257,0.097,0.7442,0.7533,0.5922,0.7244,0.6859,0.7385,0.5814,0.6946,0.728,0.9358,0.8226,0.8183,0.8021,0.7594,0.7845,0.6898,0.7209,0.7361,0.7687,0.6881,0.7749,0.953,0.8761,0.9367,0.8738,0.9939,0.8108,0.825,0.7631,0.8042,0.7707,0.7702,0.7922,0.1,1.0929,0.8704,0.0976,0.568,0.9884,0.7997,0.1065,0.0968,0.1028,0.7425,1.0505
41400s,0.0975,0.784,0.7745,0.0991,0.0974,0.7577,0.7972,0.0953,0.0959,0.7648,0.7894,0.1085,0.7371,0.8394,0.7759,0.8059,0.6548,0.7613,0.7343,0.7298,0.6267,0.7161,0.7538,0.8726,0.8327,0.7885,0.7834,0.0991,0.7761,0.7106,0.7529,0.2738,0.6919,0.6418,0.7808,0.327,0.8558,0.8248,0.7606,0.7729,0.7577,0.7145,0.7349,0.7074,0.6933,0.6912,0.743,0.7765,0.8221,0.6271,0.097,0.7416,0.7516,0.5975,0.7262,0.6853,0.7397,0.5818,0.6966,0.7337,0.9402,0.8323,0.8199,0.8058,0.7618,0.7821,0.6913,0.7213,0.737,0.773,0.6908,0.7715,0.9595,0.8823,0.9448,0.8767,0.9969,0.8156,0.8315,0.7659,0.8077,0.7738,0.7762,0.7994,0.1,1.1022,0.8711,0.0976,0.5779,1.0011,0.8077,0.1085,0.0968,0.1025,0.7452,1.0595
42000s,0.0976,0.7881,0.7785,0.0991,0.0974,0.7649,0.8046,0.0953,0.0959,0.7734,0.7963,0.1099,0.7362,0.8438,0.7778,0.8105,0.658,0.7816,0.7385,0.7311,0.6267,0.7176,0.7632,0.8792,0.8368,0.7915,0.7845,0.0991,0.7852,0.7183,0.7518,0.2684,0.6916,0.6412,0.7825,0.3333,0.8602,0.8296,0.7648,0.774,0.7619,0.7161,0.7369,0.7067,0.6934,0.6921,0.7437,0.7783,0.8259,0.6336,0.097,0.7434,0.751,0.5973,0.7285,0.6851,0.741,0.5834,0.6978,0.7366,0.9448,0.8444,0.8234,0.8088,0.7637,0.7911,0.6922,0.7211,0.738,0.7755,0.6939,0.7703,0.9662,0.8902,0.9514,0.8808,0.9968,0.8193,0.8363,0.7671,0.8085,0.7742,0.7781,0.8009,0.0999,1.1135,0.879,0.0975,0.5872,1.0162,0.8179,0.1107,0.0968,0.1025,0.7434,1.0671
42600s,0.0976,0.7877,0.7802,0.0991,0.0974,0.7636,0.8079,0.0952,0.096,0.7783,0.7971,0.1117,0.7355,0.8485,0.782,0.8083,0.6539,0.7908,0.7404,0.7333,0.6268,0.7214,0.7588,0.8805,0.8361,0.7916,0.7843,0.0991,0.7777,0.7124,0.7512,0.2597,0.6923,0.6428,0.7825,0.3392,0.8623,0.8333,0.7658,0.7772,0.7632,0.719,0.7372,0.7077,0.6952,0.6951,0.745,0.7875,0.8397,0.6337,0.097,0.7445,0.7592,0.6002,0.733,0.6883,0.7447,0.5848,0.6997,0.7397,0.9481,0.8532,0.8272,0.8115,0.7671,0.79,0.6927,0.7231,0.7401,0.7628,0.6956,0.7701,0.97,0.8962,0.9595,0.8832,0.9985,0.8276,0.8426,0.7709,0.8123,0.7808,0.786,0.806,0.1,1.1211,0.8782,0.0976,0.596,1.026,0.8241,0.1136,0.0968,0.1024,0.7456,1.0747
0s,6046,8140,6278,6042,6070,9403,6615,5959,5798,8476,6360,6005,8175,7363,7343,7259,8613,7192,7294,7243,8211,6912,6861,7066,7074,13867,6719,6092,7255,14491,6719,5964,7355,13475,6375,6013,6677,6635,6742,6721,6831,6397,6668,6678,6447,6326,6390,6571,6312,7212,5303,6269,6430,7205,6150,6156,6415,6980,6041,6153,6600,6533,7109,6648,6540,6628,6392,6563,6513,6346,6355,6793,6596,6599,6271,6606,6442,6409,6213,6374,6460,6264,6049,6675,5975,6205,6596,6031,6011,6210,6468,5870,5795,5628,6258,6474
600s,5939,8047,6228,5903,5940,9307,6517,5854,5669,8392,6261,5920,8098,7301,7286,7256,8485,7110,7257,7220,8104,6917,6851,7039,7042,13764,6690,6087,7229,14472,6725,5964,7378,13404,6398,5970,6625,6596,6696,6730,6830,6414,6640,6695,6459,6287,6382,6569,6271,7142,5249,6259,6415,7206,6149,6153,6471,6960,6047,6157,6562,6452,7064,6618,6464,6804,6366,6521,6515,6353,6317,6708,6494,6537,6229,6521,6376,6347,6165,6334,6431,6275,5954,6614,5891,6179,6525,5912,5886,6115,6437,5784,5788,5545,6227,6394
1200s,5939,8078,6244,5943,5995,9315,6605,5880,5706,8418,6258,5956,8127,7329,7346,7330,8554,7197,7318,7302,8153,6891,6861,7099,7095,13934,6749,6082,7300,14453,6802,5971,7444,13539,6456,5978,6678,6575,6761,6756,6926,6467,6636,6789,6487,6373,6455,6626,6404,7217,5257,6316,6527,7272,6206,6240,6538,7020,6110,6182,6630,6479,7185,6666,6527,6904,6421,6588,6532,6349,6339,6803,6561,6538,6270,6572,6437,6387,6208,6381,6470,6336,6018,6669,5936,6235,6596,5956,5914,6139,6458,5815,5801,5577,6344,6419
1800s,5944,8165,6282,5916,5964,9342,6562,5872,5674,8494,6320,5909,8233,7368,7369,7411,8610,7188,7347,7402,8232,6919,6969,7205,7191,14180,6835,6050,7422,14650,6820,5952,7511,13722,6535,5955,6770,6694,6824,6806,6952,6486,6693,6818,6551,6416,6520,6666,6479,7312,5276,6399,6532,7336,6274,6284,6680,7088,6176,6266,6688,6495,7269,6745,6582,6813,6429,6661,6614,6385,6402,6833,6578,6567,6302,6593,6468,6441,6260,6428,6489,6322,6054,6674,5946,6243,6643,5963,5930,6197,6545,5803,5808,5545,6405,6439
2400s,5930,8298,6334,5881,5913,9340,6566,5863,5678,8558,6351,5884,8379,7409,7457,7551,8697,7212,7395,7485,8259,6957,7021,7250,7281,14473,6910,6066,7437,14800,6918,5913,7623,13981,6600,5959,6904,6733,6847,6884,7070,6546,6723,6904,6605,6487,6591,6723,6584,7315,5246,6508,6707,7400,6345,6373,6814,7114,6197,6316,6820,6493,7420,6791,6664,6715,6463,6717,6672,6401,6450,6873,6633,6570,6277,6613,6483,6428,6243,6435,6508,6363,6064,6677,5885,6270,6740,5901,5890,6246,6609,5764,5775,5540,6514,6451
3000s,5933,8461,6376,5903,5928,9503,6632,5801,5669,8734,6422,5874,8538,7543,7608,7785,8838,7280,7480,7724,8426,7009,7177,7503,7480,14720,7083,6058,7648,15035,7105,5948,7850,14291,6841,6016,7047,6909,6986,7001,7314,6689,6840,7077,6801,6642,6692,6860,6798,7467,5250,6695,6867,7514,6439,6569,7067,7243,6347,6532,7015,6551,7677,6987,6843,6738,6620,6811,6875,6435,6612,7062,6718,6726,6312,6671,6586,6503,6332,6499,6572,6474,6104,6755,5891,6325,6892,5919,5882,6304,6739,5781,5746,5514,6718,6488
3600s,5935,8717,6536,5922,5926,9647,6755,5842,5670,8993,6535,5870,8850,7675,7812,8128,9012,7381,7612,8044,8647,7122,7366,7788,7767,15121,7396,6078,7899,15448,7334,5987,8154,14590,7076,6016,7367,7185,7154,7314,7567,6892,7073,7392,7083,6824,6930,7064,7078,7613,5253,6985,7194,7640,6622,6826,7399,7321,6516,6781,7327,6670,8033,7208,7103,6851,6795,7083,7157,6549,6894,7269,6890,6863,6420,6776,6744,6643,6379,6655,6762,6571,6191,6908,5963,6474,7128,5957,5926,6437,6972,5827,5834,5555,6961,6635
4200s,5938,9049,6701,5922,5924,9929,6848,5837,5680,9250,6662,5916,9061,7861,8020,8506,9246,7550,7806,8452,8892,7230,7633,8180,8062,15607,7667,6091,8241,15885,7664,5975,8491,15058,7427,6029,7696,7446,7419,7594,7941,7149,7307,7714,7397,7143,7170,7326,7379,7734,5272,7327,7553,7817,6844,7165,7835,7428,6747,7084,7646,6770,8421,7454,7406,6834,7083,7329,7463,6600,7130,7518,7055,6984,6516,6950,6873,6762,6511,6778,6899,6768,6326,7004,5937,6631,7427,5947,5933,6618,7227,5842,5809,5566,7314,6734
4800s,5960,9321,6931,5896,5896,10204,6989,5810,5701,9585,6847,5896,9345,8028,8318,8998,9578,7661,8046,8898,9182,7461,7948,8653,8435,16068,8082,6075,8613,16334,7947,5961,8971,15528,7841,6039,8105,7767,7694,7950,8407,7472,7543,8083,7723,7466,7441,7703,7785,7896,5279,7758,7989,7980,7059,7540,8361,7616,7021,7462,8042,6848,8941,7787,7766,6944,7418,7683,7860,6668,7484,7819,7271,7179,6582,7116,7039,6948,6541,6970,7178,6957,6401,7173,5924,6809,7787,5964,5938,6805,7588,5812,5819,5542,7678,6931
5400s,5955,9734,7194,5938,5909,10664,7191,5796,5670,10128,7079,5913,9715,8338,8725,9587,9910,7871,8309,9473,9530,7657,8291,9207,8909,16687,8548,6102,9151,17016,8468,5923,9557,16150,8355,6050,8666,8210,8018,8419,8970,7849,7847,8612,8202,7877,7814,8085,8270,8092,5260,8270,8569,8196,7363,8075,9085,7774,7269,7881,8550,6947,9541,8165,8234,7028,7786,8062,8400,6863,7895,8223,7528,7427,6696,7271,7332,7150,6653,7177,7451,7182,6532,7361,5975,7028,8247,5945,5944,7005,7995,5825,5820,5581,8223,7149
6000s,5921,10366,7523,5864,5906,11313,7460,5756,5640,10710,7341,5872,10074,8662,9120,10345,10311,8105,8664,10257,9843,7923,8742,9944,9513,17441,9203,6091,9754,17689,9055,5940,10276,16827,8985,5999,9266,8749,8405,8986,9669,8287,8186,9294,8809,8428,8237,8582,8912,8332,5255,8893,9363,8427,7766,8670,10004,8037,7621,8472,9133,7062,10288,8644,8763,7103,8230,8556,8996,6923,8394,8647,7823,7671,6808,7496,7511,7338,6784,7412,7686,7416,6658,7590,5927,7262,8772,5936,5925,7249,8467,5817,5798,5558,8828,7378
6600s,5952,11084,7962,5873,5866,12091,7781,5739,5627,11555,7718,5844,10523,9082,9675,11241,10801,8408,9066,11145,10294,8314,9340,10886,10343,18292,9938,6076,10642,18680,9804,5930,11195,17596,9798,6020,10111,9417,8887,9714,10568,8946,8631,10096,9627,9121,8766,9272,9769,8609,5254,9707,10282,8765,8209,9468,10961,8310,8047,9175,9909,7185,11142,9278,9429,7231,8893,9197,9721,7100,9035,9320,8195,8004,6958,7775,7846,7638,6897,7676,8051,7774,6842,7911,5918,7594,9449,5905,5922,7586,9204,5784,5800,5557,9584,7704
7200s,5952,11992,8539,5910,5895,12854,8231,5781,5636,12431,8201,5937,11071,9627,10447,12195,11327,8820,9714,12136,10840,8756,10021,11792,11307,19334,10803,6128,11568,19668,10665,5964,12143,18323,10719,6077,10998,10189,9459,10572,11423,9713,9216,11023,10428,9868,9404,10041,10690,8948,5265,10571,11202,9127,8862,10339,11896,8690,8551,10044,10754,7468,11978,10028,10279,7436,9601,10008,10586,7317,9805,10086,8629,8405,7156,8148,8312,7981,7090,8098,8531,8209,7023,8302,5974,7975,10233,5961,5952,8025,10024,5864,5848,5589,10410,8108
7800s,5973,12972,9121,5929,5892,13994,8777,5742,5641,13511,8830,5901,11763,10396,11346,13195,11972,9352,10491,13113,11419,9313,10890,12738,12308,20375,11683,6120,12489,20638,11585,5964,13206,19403,11462,6088,11906,10983,10057,11463,12361,10439,9862,11882,11320,10740,10101,10870,11583,9394,5267,11478,12190,9524,9473,11221,12927,9073,9137,10829,11635,7672,12883,10838,11104,7555,10482,10806,11486,7529,10712,10926,9213,8928,7361,8579,8761,8400,7303,8547,9066,8701,7242,8688,5971,8400,11232,5946,5954,8461,10898,5851,5850,5564,11374,8481
8400s,5976,14133,9899,5916,5879,15217,9378,5747,5646,14597,9480,5878,12423,11234,12279,14284,12662,10057,11330,14162,12105,10120,11789,13729,13309,21534,12622,6112,13515,21736,12434,5969,14215,20361,12283,6102,12792,11901,10794,12301,13353,11296,10551,12836,12232,11586,10841,11684,12506,9852,5255,12378,13171,10027,10179,12149,13837,9576,9847,11657,12566,7944,13801,11754,11978,7850,11303,11678,12362,7821,11581,11794,9836,9479,7592,9129,9274,8958,7547,9057,9706,9295,7482,9223,5966,8947,12173,5977,5960,9066,11830,5838,5822,5594,12266,9009
9000s,5969,15296,10650,5917,5865,16533,10084,5763,5661,15846,10195,5907,13113,12179,13273,15310,13376,10921,12163,15238,12805,11057,12906,14586,14304,22655,13541,6101,14569,22620,13377,5987,15292,21338,13062,6081,13708,12760,11460,13209,14171,12120,11286,13732,13152,12447,11516,12409,13243,10463,5307,13226,13693,10659,10917,12885,14684,10164,10542,12358,13379,8209,14661,12605,12822,8217,12074,12593,13279,8186,12427,12676,10591,10165,7895,9714,9937,9502,7785,9676,10432,9987,7776,9871,5968,9573,13033,5958,5944,9668,12706,5856,5868,5572,12894,9565
9600s,5948,16472,11442,5900,5880,17884,10734,5764,5676,17230,10873,5922,13989,13225,14263,16343,14182,11758,13130,16291,13532,12006,13725,15515,15316,23859,14394,6129,15668,23690,14405,5965,16422,22290,13719,6100,14485,13507,12264,13991,14983,12958,12062,14503,13956,13192,12113,13203,14153,11062,5301,13896,14814,11337,11644,13650,15938,10841,11328,13297,14237,8623,15416,13491,13489,8563,12744,13536,14034,8576,13117,13583,11273,10880,8178,10424,10670,10187,8119,10345,11215,10700,8104,10539,5977,10144,13770,5955,5961,10203,13325,5871,5848,5578,13577,10133
10200s,5954,17509,12041,5891,5847,19244,11388,5754,5629,18906,11590,5919,14948,14222,15353,17324,14998,12744,14011,17310,14430,12906,14656,16439,16416,24907,15196,6116,16700,24720,15300,5963,17294,23274,14630,6094,15358,14252,13022,14677,15646,13609,12849,15522,14813,14059,12656,14011,15215,11807,5294,14892,15952,12137,12205,14572,17088,11597,11924,14283,15179,9009,16316,14202,14385,9012,13452,14243,14991,8990,13902,14418,12020,11574,8531,11125,11412,10908,8485,11023,11987,11457,8484,11242,5962,10728,14622,5986,5964,10779,14154,5865,5821,5584,14512,10724
10800s,5922,18969,12850,5867,5865,20574,12091,5724,5619,20805,12220,5891,15826,15184,16409,18272,15816,13677,14932,18232,15121,13861,15579,17291,17475,25827,16103,6088,17585,25741,16074,5985,18210,24202,15672,6058,16215,15098,13742,15685,16740,14403,13600,16354,15591,14911,13489,14836,16172,12576,5252,15924,17092,12962,12945,15505,17995,12390,12484,15246,16017,9469,17065,15087,15295,9509,14213,15141,15866,9526,14759,15197,12695,12307,8935,11782,11987,11636,8864,11761,12553,12096,8902,12002,5968,11306,15492,5989,6022,11289,14933,5845,5821,5564,15371,11244
11400s,5950,20815,13621,5874,5872,22177,12811,5730,5597,22599,12902,5918,16720,16180,17360,19162,16704,14624,15868,19073,15964,14760,16253,18096,18604,26225,17021,6136,18462,26801,16794,5965,19175,25094,16789,6085,17183,16011,14381,16517,17692,15389,14176,17025,16455,15624,14565,15703,17164,13369,5316,16754,18023,13719,13721,16325,18948,13122,13251,16277,16896,10045,17910,15796,16254,10062,14984,15908,16777,10070,15496,16206,13412,13014,9357,12571,12775,12125,9334,12532,13260,12735,9303,12558,5967,11939,16380,5989,6037,11852,15734,5846,5840,5579,16291,11663
12000s,5964,22700,14492,5887,5828,24112,13623,5707,5601,24522,13715,5912,17513,17102,18207,19893,17468,15660,16919,19827,16695,15668,16985,18664,19576,26369,17978,6146,19345,27616,17912,5968,19906,25813,17870,6099,17974,16796,15184,17359,18421,16328,15046,17825,17186,16342,15473,16673,18224,13918,5266,17600,18972,14231,14562,17126,19844,13787,14158,17226,17877,10601,18630,16697,17220,10648,15751,16694,17587,10766,16272,17180,14061,13652,9864,13223,13579,12806,9759,13072,14017,13592,9837,13185,5958,12484,17338,5954,6015,12455,16710,5835,5810,5570,17133,12217
12600s,5912,24737,15339,5842,5795,26195,14552,5687,5572,26747,14742,5835,18232,18039,18869,20714,18316,16599,17868,20397,17408,16606,17842,19274,20544,26704,18804,6059,20082,27927,18807,5935,20207,26537,18835,6071,18765,17606,16063,18154,19236,17262,16034,18598,18000,17132,16483,17671,19146,14779,5301,18467,19932,15142,15381,17923,20734,14754,15037,18040,18720,11208,19443,17514,18105,11154,16519,17497,18464,11173,16956,18243,14925,14413,10288,13802,14333,13559,10236,13654,14887,14281,10334,13881,5912,13108,18224,5937,6002,13062,17647,5817,5784,5530,17944,12782
13200s,5890,26999,16115,5806,5776,28382,15326,5662,5524,28758,15697,5842,18843,18721,19647,21235,18818,17521,18503,20747,17842,17535,18763,19702,21144,27580,19556,6088,20565,28927,19528,5922,20372,27208,19781,6075,19446,18387,17006,18836,19866,18014,16869,19155,18608,17888,17472,18357,20180,15724,5246,19188,20827,16090,16203,18597,21423,15656,15786,18771,19559,11783,20082,18426,18835,11718,17119,18234,19077,11597,17776,19253,15682,15123,10860,14580,15139,14281,10815,14363,15572,15035,10903,14653,5927,13676,19088,5872,6099,13629,18327,5846,5769,5515,18654,13334
13800s,5900,28971,16836,5813,5804,29982,16361,5677,5524,30319,16796,5860,19369,19549,20019,21424,19211,18094,18969,21000,18263,18436,19325,19957,21509,28450,20107,6076,20801,29173,20047,5875,20553,27688,20379,6050,19968,19037,18008,19390,20304,18669,17743,19481,19110,18267,18335,19016,21179,16708,5232,19718,21622,17080,16901,19095,21942,16498,16589,19377,20317,12289,20483,19232,19481,12356,17754,18920,19552,12241,18248,20013,16522,15961,11336,15279,16022,15085,11322,15208,16359,15794,11354,15422,5944,14297,19862,5909,6071,14120,19065,5797,5771,5510,19325,13832
14400s,5916,30809,17540,5787,5793,31326,17356,5636,5507,31572,17672,5818,20061,20053,20161,22024,19739,19075,19490,21406,18961,19169,19735,20559,21831,29166,20599,6046,21253,30342,20372,5919,20948,28543,20638,6042,20455,19656,18858,19833,20513,19282,18419,19753,19564,18834,19070,19442,22003,17702,5227,20184,22084,18119,17625,19519,22580,17436,17328,19779,20855,12803,20704,19844,19961,13013,18387,19548,20177,12899,18825,20843,17373,16676,11859,16015,16889,15847,11821,15925,17032,16478,11631,16156,5889,14865,20353,5886,6113,14721,19703,5817,5765,5536,19722,14465
15000s,5917,32365,18171,5815,5791,32625,18253,5633,5530,33086,18400,5828,20720,20353,20551,22488,20608,19703,19724,21702,19737,19634,20272,21013,22411,30106,20796,6063,21627,31056,20686,5905,21342,29371,21197,6082,20749,20058,19574,20158,20782,19815,19090,20029,19821,19277,19767,19666,22539,18855,5242,20330,22725,19228,18221,19691,23237,18463,18002,20173,21328,13319,21090,20352,20463,13665,19061,19944,20563,13510,19253,21238,18263,17621,12233,16690,17807,16605,12069,16614,17744,17121,11980,16791,5919,15349,20823,5903,6129,15144,20090,5802,5780,5525,20062,14936
15600s,5929,33991,18598,5808,5776,33929,18924,5643,5517,34513,18985,5836,21542,20730,20998,22940,21333,20073,20111,22076,20478,19772,20737,21452,23031,30834,21125,6089,22056,31962,21168,5893,21622,30007,21661,6082,21121,20555,20205,20482,21285,20198,19653,20363,20087,19643,20187,20102,23248,20105,5274,20795,23500,20524,18804,20086,23962,19537,18498,20494,21733,14062,21515,20779,20902,14338,19405,20336,20886,14201,19599,21550,19078,18326,12721,17443,18619,17410,12540,17378,18447,17903,12528,17527,5957,16070,21096,5907,6216,15713,20493,5819,5794,5544,20411,15427
16200s,5920,35562,19149,5822,5774,35290,19451,5654,5500,36025,19710,5824,22267,21076,21417,23382,22064,20435,20429,22323,21122,20173,21123,21992,23502,31599,21585,6059,22448,32949,21541,5898,21962,30519,22149,6099,21607,20781,20786,20789,21626,20395,20029,20745,20550,19826,20430,20475,23890,21293,5258,21206,24028,21728,19246,20443,24713,20590,18931,20960,22160,14687,21906,21069,21122,14966,19629,20713,21223,14802,19830,22045,19794,19067,13166,18060,19363,18104,12986,17991,19038,18503,12968,18271,5936,16488,21321,5880,6248,16176,20751,5849,5802,5494,20912,15983
16800s,5898,37120,19404,5771,5773,36687,19940,5614,5479,37334,20240,5806,22933,21568,21722,23854,22783,20912,20870,22687,21735,20629,21646,22554,24044,32676,22040,6076,22808,33927,21931,5945,22316,31367,22795,6091,22076,21235,21044,21255,22087,20877,20350,21133,20803,20262,20939,20963,24602,22623,5292,21592,24730,23021,19563,20842,25497,21718,19382,21313,22749,15304,22324,21446,21551,15519,19991,20960,21624,15291,20194,22653,20487,19751,13600,18794,20151,18751,13497,18612,19549,19034,13513,18781,5919,16935,21814,5919,6361,16595,21158,5813,5809,5588,21383,16348
17400s,5879,38599,19717,5806,5756,37982,20126,5602,5484,38649,20499,5798,23733,21913,22059,24312,23605,21412,21262,23044,22576,20944,21942,22955,24597,33546,22327,6112,23301,34817,22410,5911,22513,32064,23203,6091,22456,21581,21381,21615,22412,21211,20621,21456,21141,20533,21325,21244,25256,23895,5215,21984,25496,24233,19917,21129,26138,22959,19614,21726,23078,15897,22684,21829,21949,16221,20430,21394,21995,15856,20559,23121,20993,20273,13983,19348,20795,19316,13956,19183,20016,19503,13961,19360,5908,17274,22184,5924,6435,16847,21558,5786,5776,5541,21663,16690
18000s,5918,40173,20064,5804,5807,39449,20631,5600,5477,40238,20982,5816,24603,22277,22345,24826,24495,21868,21635,23391,23465,21285,22538,23338,25076,34539,22674,6046,23752,35772,22767,5946,22879,32936,23646,6067,22855,22060,21854,22032,22868,21562,20972,21722,21462,20963,21847,21705,26140,25148,5257,22298,26361,25391,20251,21513,26853,24093,19874,22259,23556,16578,23099,22143,22414,16888,20730,21706,22384,16448,20884,23585,21474,20727,14592,19929,21493,19782,14443,19544,20312,19957,14456,19823,5918,17697,22580,5903,6552,17149,21876,5805,5796,5544,22157,17005
18600s,5891,41872,20486,5793,5770,41134,21119,5585,5489,41663,21515,5815,25386,22658,22755,25217,25212,22362,22048,23817,24055,21740,22933,23818,25750,35255,23038,6071,24176,36697,23218,5904,23119,33697,24067,6068,23343,22419,22271,22352,23187,21915,21473,22151,21835,21267,22260,22030,26783,26250,5244,22675,26983,26364,20643,21839,27656,24958,20199,22507,24001,17259,23452,22608,22731,17481,21268,22101,22758,17079,21215,24087,21699,21204,15023,20277,22105,20133,14989,19969,20702,20365,14889,20176,5911,17880,23015,5914,6639,17395,22217,5808,5744,5521,22502,17227
19200s,5864,43552,20872,5792,5747,42850,21428,5621,5487,43373,21956,5827,26272,23042,23131,25653,26085,22721,22311,24090,24619,22037,23368,24147,26111,36076,23478,6019,24582,37700,23638,5920,23419,34487,24423,6061,23649,22752,22651,22729,23603,22357,21749,22435,22174,21525,22621,22389,27617,27381,5237,23075,27880,27313,20930,22168,28506,25773,20560,22851,24441,17829,23855,22952,23104,17933,21668,22392,23207,17497,21451,24497,21998,21468,15526,20524,22551,20544,15387,20092,20900,20509,15320,20389,5930,18131,23334,5904,6784,17465,22559,5791,5781,5535,22849,17437
19800s,5887,45670,21197,5790,5749,44615,21803,5587,5484,44847,22447,5795,26938,23432,23473,26126,26685,23226,22812,24501,25319,22315,23749,24682,26672,37090,23876,6028,25042,38816,24093,5892,23864,35332,25022,6087,24164,23159,23042,23070,24007,22741,22127,22883,22530,21924,23093,22882,28619,28464,5224,23457,28729,28434,21382,22509,29565,26770,21019,23252,24950,18386,24218,23416,23583,18443,22005,22825,23523,17987,21868,24950,22460,21726,16017,20869,23228,20840,15894,20527,21329,20888,15816,20804,5889,18312,23716,5901,6960,17620,23013,5783,5724,5525,23224,17514
20400s,5878,47789,21666,5774,5758,46611,22193,5571,5446,46618,23034,5787,27695,23789,23918,26523,27237,23702,23121,24725,25724,22653,24120,25236,27225,38064,24231,6053,25431,39740,24378,5882,24089,36098,25448,6079,24608,23517,23543,23454,24420,23139,22480,23193,22923,22198,23445,23242,29432,29601,5231,23837,29678,29420,21738,22886,30317,27616,21319,23638,25427,18959,24700,23792,23916,18943,22392,23183,23949,18543,22237,25375,22853,22196,16560,21233,23899,21223,16408,20969,21790,21216,16241,21211,5871,18407,24185,5869,7151,17591,23334,5812,5731,5516,23669,17535
21000s,5915,49701,21994,5813,5777,48140,22577,5638,5490,48155,23349,5807,28280,24187,24206,27003,27946,24077,23427,25114,26369,22981,24616,25635,27688,39027,24674,6077,25856,40740,24751,5923,24448,36825,25934,6132,24927,23997,23857,23848,24683,23542,22852,23489,23108,22609,23843,23670,30385,30561,5268,24246,30320,30249,22134,23240,31233,28332,21664,24059,25896,19394,25019,24189,24291,19402,22743,23497,24290,19002,22578,25800,23272,22559,17067,21644,24179,21609,16819,21250,21990,21662,16710,21433,5940,18494,24626,5911,7474,17593,23653,5846,5791,5553,24123,17536
21600s,5880,52148,22416,5771,5747,50513,23079,5581,5482,50318,23792,5801,29235,24744,24707,27529,28647,24675,23831,25540,27168,23521,25048,26130,28444,39924,25075,6053,26361,41978,25272,5893,24797,38053,26438,6103,25423,24411,24377,24273,25259,23876,23384,23972,23502,23022,24305,24108,31343,31555,5241,24623,31231,31294,22569,23735,31898,29375,22091,24530,26370,19790,25527,24581,24602,19679,23109,23984,24730,19335,22971,26259,23786,22918,17522,22061,24753,21962,17372,21627,22382,21981,17189,21887,5895,18561,24921,5897,7695,17537,24132,5799,5760,5518,24527,17480
22200s,5867,54289,22840,5752,5699,52368,23506,5588,5427,52056,24193,5772,29962,25112,25046,27969,29304,25014,24272,25872,27670,23871,25458,26485,28775,41204,25423,6053,26727,42985,25655,5899,25042,38847,26795,6129,25828,24861,24791,24663,25667,24313,23745,24380,23911,23299,24799,24426,32282,32610,5212,25083,32030,32264,22960,24010,32790,30069,22393,24867,26866,20075,25899,24983,25102,19936,23577,24313,25143,19542,23240,26752,24158,23216,18000,22403,25354,22396,17721,21933,22825,22367,17563,22183,5900,18429,25427,5892,8044,17518,24647,5788,5763,5521,24905,17433
22800s,5862,56304,23203,5778,5738,54601,23866,5547,5408,54480,24771,5770,30823,25480,25479,28472,30249,25481,24828,26281,28532,24134,25828,26817,29458,42360,25972,6063,27400,44145,26359,5919,25504,39913,27234,6115,26178,25242,25334,25082,26071,24690,24301,24719,24264,23686,25150,24820,33149,33643,5241,25516,33170,33194,23513,24420,33722,31093,22828,25186,27231,20313,26277,25410,25497,20358,23986,24777,25519,19783,23603,27140,24632,23596,18448,22773,25745,22717,18148,22278,23205,22786,17993,22458,5916,18489,25896,5885,8409,17584,24889,5800,5765,5527,25367,17315
23400s,5862,58487,23691,5755,5756,56043,24316,5576,5433,56270,25079,5788,31622,25976,25905,28852,30789,25869,25053,26701,29096,24588,26172,27285,29890,43092,26350,6051,27712,45285,26574,5872,25810,40736,27623,6125,26718,25615,25774,25419,26407,25080,24587,24867,24619,24045,25623,25313,33943,34870,5263,25883,33857,34389,23755,24750,34603,32014,23105,25663,27811,20666,26656,25806,25942,20720,24250,25075,25900,20067,24028,27563,25087,24001,18908,23055,26264,23143,18578,22627,23589,23072,18341,22871,5908,18441,26214,5890,8807,17465,25221,5795,5795,5543,25799,17219
24000s,5865,60191,24111,5821,5774,57940,24611,5592,5452,58023,25519,5818,32118,26318,26144,29194,31475,26236,25393,26884,29537,24907,26623,27665,30297,44145,26658,6084,28078,46271,26916,5920,26062,41696,28056,6155,27044,25929,26061,25772,26727,25314,24926,25365,24966,24329,25922,25545,34728,35898,5265,26199,34322,35193,24154,24968,35123,32916,23326,25914,28242,20945,26924,26208,26280,20974,24659,25470,26373,20298,24341,27935,25413,24278,19251,23392,26795,23414,18960,22998,23829,23367,18732,23110,5922,18331,26625,5928,9254,17326,25542,5824,5772,5531,26091,17106
24600s,5885,Overflow,24455,5773,5770,59753,25101,5584,5454,60042,25942,5770,32772,26806,26490,29497,32234,26703,25649,27182,30135,25249,26902,27947,30811,45224,27166,6076,28381,47402,27283,5923,26319,42525,28438,6147,27525,26226,26430,25994,27069,25791,25193,25645,25261,24661,26361,25966,35571,36712,5264,26478,35060,36116,24499,25318,35761,33792,23610,26236,28634,21293,27344,26477,26594,21238,24913,25719,26585,20548,24547,28277,25715,24572,19590,23700,27215,23760,19219,23206,24213,23664,19015,23379,5960,18208,26951,5901,9812,17233,25905,5839,5779,5542,26408,16926
25200s,5883,Overflow,24968,5786,5757,Overflow,25455,5588,5415,Overflow,26384,5815,33678,27143,26867,30126,32909,27158,26141,27612,30713,25699,27316,28460,31259,46433,27486,6080,28764,48651,27790,5942,26701,43606,28973,6200,27978,26692,26882,26479,27520,26029,25625,26008,25577,25069,26698,26264,36070,38072,5254,26813,35963,37341,24915,25685,36649,34755,24145,26644,29181,21577,27589,26829,26932,21539,25374,26014,27053,20900,24944,28729,26174,24977,19942,24071,27909,24161,19540,23565,24584,24044,19342,23712,5948,18113,27387,5919,10279,17093,26303,5797,5775,5528,26825,16773
25800s,5901,Overflow,25371,5778,5752,Overflow,25885,5577,5424,Overflow,26815,5797,34489,27637,27326,30594,33631,27595,26495,28073,31535,26083,27693,28719,31778,47789,27966,6113,29332,50090,28243,5961,27057,44870,29389,6191,28448,26977,27352,26972,27979,26510,26229,26334,25979,25326,27015,26626,37265,39107,5266,27280,36691,38342,25349,26083,37580,35893,24416,26959,29579,21819,27969,27272,27400,21946,25701,26560,27368,21133,25258,29116,26609,25383,20299,24395,28269,24483,19926,23767,24885,24394,19623,23943,5927,18017,27762,5920,10780,16895,26683,5834,5774,5548,27271,16695
26400s,5856,Overflow,25758,5763,5790,Overflow,26397,5563,5425,Overflow,27323,5744,35225,27908,27500,31005,34409,27872,26815,28306,32464,26374,28011,28967,32131,48861,28365,6090,29658,50971,28554,5957,27239,45733,29814,6207,28779,27341,27693,27262,28288,26746,26515,26623,26240,25573,27442,27039,38083,40183,5226,27583,37413,39322,25708,26265,38312,36562,24734,27241,30110,22201,28313,27603,27618,22135,26005,26813,27589,21382,25441,29446,26898,25679,20547,24742,28675,24871,20107,24168,25206,24758,19783,24228,5914,17891,28146,5911,11351,16681,26972,5791,5787,5543,27443,16451
27000s,5859,Overflow,26105,5753,5754,Overflow,26831,5537,5401,Overflow,27424,5730,36041,28420,27976,31467,35116,28301,27144,28607,33262,26730,28336,29565,32574,50228,28814,6085,30145,52444,28916,5946,27557,46867,30098,6222,29208,27762,28264,27651,28719,27183,26911,27005,26585,26029,27837,27423,39082,41259,5254,27962,38149,40385,26052,26628,38944,37649,25157,27658,30473,22542,28692,28065,28136,22401,26439,27278,28090,21606,25936,29993,27262,26047,20842,25017,29266,25178,20260,24453,25667,25121,19981,24603,5936,17836,28549,5906,11931,16615,27371,5809,5786,5530,27848,16333
27600s,5843,Overflow,26518,5764,5745,Overflow,27243,5525,5402,Overflow,27918,5782,36917,28716,28428,31701,35975,28620,27516,28983,34103,27161,28726,29916,33157,51542,29223,6093,30482,53801,29329,5994,27981,48200,30572,6268,29697,28145,28496,28061,29063,27568,27298,27169,26948,26317,28211,27828,39913,42416,5290,28376,38976,41419,26500,26989,39872,38475,25490,28011,30945,22701,29090,28383,28479,22632,26662,27641,28529,21964,26190,30287,27700,26327,20997,25338,29698,25498,20556,24830,25893,25333,20193,24857,5918,17738,28984,5917,12604,16465,27712,5815,5788,5503,28205,16161
28200s,5819,Overflow,27014,5754,5767,Overflow,27555,5541,5422,Overflow,28443,5775,37984,29296,28750,32207,36679,29037,27857,29278,34659,27339,29090,30354,33548,52840,29592,6078,30785,55033,29725,6008,28202,49084,31007,6286,30065,28438,28931,28345,29408,27887,27667,27492,27164,26594,28584,28247,40783,43588,5267,28664,39429,42351,26813,27197,40339,39435,25812,28375,31400,22935,29359,28667,28671,22971,27030,27901,28844,22202,26587,30661,28042,26701,21209,25598,30228,25868,20657,25148,26190,25737,20309,25096,5908,17603,29434,5872,13213,16287,27959,5785,5743,5532,28561,15987
28800s,5814,Overflow,27438,5765,5745,Overflow,27923,5540,5404,Overflow,28631,5746,38900,29575,29106,32529,37440,29427,28194,29583,35432,27806,29317,30688,33881,54341,30057,6077,31168,56225,30083,6001,28435,50347,31342,6313,30514,28786,29200,28831,29945,28164,28096,27778,27470,26895,28912,28660,41630,44535,5254,29226,40349,43321,27187,27599,41363,40143,26034,28656,31832,23341,29717,29001,29093,23218,27339,28226,29079,22453,26709,31119,28429,26851,21528,25862,30663,26049,20984,25349,26541,25941,20542,25345,5889,17548,29733,5910,13852,16100,28287,5769,5738,5481,28938,15806
29400s,5792,Overflow,27819,5728,5703,Overflow,28200,5502,5373,Overflow,28958,5736,39728,29907,29432,32862,38046,29750,28523,29899,36245,28102,29617,31200,34307,56015,30475,6036,31487,57568,30453,5966,28737,51777,31496,6349,30909,29139,29700,29293,30173,28521,28389,28144,27733,27100,29233,28969,42341,45691,5232,29568,40823,44394,27570,27797,42103,41127,26338,29096,32290,23588,29991,29346,29451,23482,27624,28486,29542,22653,27008,31494,28804,27230,21678,26353,31028,26409,21150,25654,26819,26250,20713,25707,5887,17436,30267,5895,14608,16035,28583,5799,5736,5513,29391,15671
30000s,5828,Overflow,28470,5731,5714,Overflow,28787,5505,5393,Overflow,29494,5709,40922,30467,29897,33171,38862,30268,28911,30487,36998,28630,30178,31807,34927,57567,30938,6037,31914,59095,30854,6041,29190,52626,32214,6389,31482,29596,30066,29656,30626,28899,28895,28588,28129,27459,29708,29420,43556,46791,5237,29893,41476,45373,28030,28287,42960,42147,26876,29481,32931,24004,30468,29841,29901,23875,27999,28982,30069,22968,27463,31895,29339,27569,22086,26654,31769,26837,21468,26002,27209,26611,21044,26107,5870,17346,30767,5841,15362,15884,29102,5774,5755,5482,29729,15540
30600s,5805,Overflow,28930,5717,5718,Overflow,29108,5485,5371,Overflow,29784,5739,41959,30810,30085,33503,39661,30658,29088,30697,37713,28822,30482,32342,35305,59100,31195,6037,32317,60325,31192,6039,29487,53790,32624,6416,32036,29866,30572,30042,31005,29409,29205,28816,28499,27766,30008,29809,44386,47852,5227,30167,42185,46633,28363,28464,43620,43011,27169,29787,33406,24225,30768,30198,30284,24233,28458,29345,30192,23254,27728,32292,29826,27894,22281,27000,32146,27252,21606,26236,27567,26908,21207,26365,5910,17237,31123,5881,16124,15790,29396,5785,5740,5455,30089,15451
31200s,5779,Overflow,29375,5707,5699,Overflow,29398,5478,5396,Overflow,30170,5710,42927,31247,30474,34104,40251,31025,29575,31015,38368,29203,31019,32701,35826,60838,31736,6057,32600,Overflow,31638,6048,29715,54895,32890,6496,32404,30332,30838,30324,31228,29671,29507,29236,28857,28131,30490,30169,45328,48871,5232,30531,42777,47539,28731,28811,44605,43993,27520,30158,33774,24462,31196,30435,30607,24544,28774,29738,30693,23518,27965,32834,30305,28285,22525,27276,32585,27445,21975,26688,27940,27260,21393,26666,5886,17148,31548,5856,16851,15657,29689,5772,5696,5465,30454,15262
31800s,5798,Overflow,29835,5693,5709,Overflow,29689,5460,5342,Overflow,30509,5697,43995,31686,30763,34372,41228,31365,29822,31292,39046,29660,31100,33076,36111,Overflow,32016,6018,32912,Overflow,31888,6099,29985,56087,33358,6549,32804,30598,31124,30608,31538,29852,29735,29430,29059,28352,30758,30636,46243,49842,5251,30820,43601,48484,29130,29186,45471,44902,27848,30504,34305,24754,31424,30938,30967,24772,29052,30016,31051,23800,28339,33150,30645,28514,22699,27641,33075,27809,22092,26981,28134,27531,21595,26871,5877,17065,32117,5874,17660,15516,30024,5740,5718,5485,30880,15171
32400s,5765,Overflow,30277,5687,5693,Overflow,30125,5488,5328,Overflow,30821,5671,45033,31982,31106,34705,41939,31638,30101,31668,39845,29867,31610,33492,36579,Overflow,32511,6071,33280,Overflow,32453,6143,30299,57514,33784,6644,33211,30993,31634,30982,31933,30288,30221,29748,29340,28681,31100,30836,46944,50856,5238,31271,44578,49388,29447,29438,46079,45782,28143,30774,34838,25049,31755,31251,31373,25033,29398,30366,31432,24011,28660,33451,31061,28994,22974,28143,33516,28146,22376,27296,28571,27972,21841,27283,5862,16955,32645,5840,18377,15444,30454,5740,5730,5498,31317,15090
33000s,5798,Overflow,30658,5681,5691,Overflow,30278,5468,5310,Overflow,31228,5709,46027,32400,31364,35240,42932,32018,30529,31977,40655,30243,31867,33850,36903,Overflow,33021,6047,33691,Overflow,32667,6170,30646,58582,34134,6773,33896,31440,32018,31397,32491,30733,30597,30172,29734,29027,31593,31484,47802,51893,5243,31678,45208,50348,29863,29713,46740,46639,28571,31191,35435,25446,32210,31659,31964,25298,29811,30869,31717,24283,28959,33771,31614,29341,23151,28366,34040,28507,22579,27621,28932,28216,22015,27511,5861,16840,33202,5815,18972,15296,30867,5781,5703,5463,31731,15026
33600s,5763,Overflow,31216,5680,5691,Overflow,30668,5481,5351,Overflow,31566,5697,47171,32832,31560,35641,43717,32371,30805,32264,41509,30636,32280,34018,37217,Overflow,33281,6029,34029,Overflow,32962,6239,30865,60041,34363,6866,34226,31783,32379,31846,32769,30936,30911,30381,30001,29326,31642,31847,48737,53024,5238,31918,45934,51558,30215,30138,47344,47589,28929,31585,35853,25639,32606,32049,32153,25579,30022,31146,32206,24478,29339,34154,32155,29614,23466,28735,34421,28869,22766,27814,29359,28567,22175,27823,5829,16700,33713,5836,19531,15251,31220,5768,5733,5491,31941,14857
34200s,5756,Overflow,31559,5654,5693,Overflow,30963,5447,5361,Overflow,31964,5678,48208,33189,32050,36073,44559,32862,31268,32586,42363,30922,32626,34644,37509,Overflow,33506,6016,34307,Overflow,33274,6279,31100,61469,34645,7055,34723,32187,32834,32179,33108,31362,31288,30717,30368,29614,32018,32166,49378,54014,5217,32381,46643,52450,30535,30380,47750,48642,29209,31768,36428,25909,32958,32473,32649,25801,30481,31402,32639,24877,29631,34338,32567,30041,23672,29107,34930,29205,23026,28197,29704,28814,22422,28143,5879,16578,34013,5843,19934,15170,31560,5768,5725,5447,32267,14774
34800s,5767,Overflow,32035,5655,5661,Overflow,31365,5421,5309,Overflow,32310,5677,49383,33531,32395,36319,45473,33176,31591,33016,43163,31282,32832,34875,37814,Overflow,33972,6030,34529,Overflow,33714,6394,31447,Overflow,34931,7237,35135,32524,33197,32575,33648,31772,31593,31047,30587,29913,32296,32652,50076,55170,5247,32821,47161,53355,30810,30737,48322,49662,29542,32302,36842,26255,33322,32793,33070,26118,30769,31789,32941,24994,29871,34768,32993,30331,23988,29506,35440,29616,23245,28604,30085,29226,22642,28400,5876,16499,34579,5817,20386,15088,31956,5748,5700,5489,32452,14703
35400s,5739,Overflow,32475,5641,5617,Overflow,31736,5414,5305,Overflow,32662,5678,50445,33890,32712,36501,46303,33495,31805,33244,43831,31614,33310,35230,38172,Overflow,34288,6021,34942,Overflow,34169,6481,31680,Overflow,35211,7446,35516,32916,33612,32897,33939,31997,31885,31344,30935,30241,32543,32960,50664,56141,5189,32994,47459,54340,31177,31005,48733,50419,29847,32499,37322,26542,33620,33162,33446,26330,31087,32099,33201,25171,30036,35108,33459,30676,24203,29730,35761,29805,23469,28788,30385,29493,22731,28803,5855,16424,34945,5791,20660,15003,32296,5775,5705,5483,32621,14593
36000s,5780,Overflow,32911,5642,5665,Overflow,32056,5426,5302,Overflow,33086,5647,51737,34380,33059,36979,47139,33577,32306,33774,44807,31984,33548,35625,38227,Overflow,34851,6029,35485,Overflow,34492,6587,32039,Overflow,35586,7633,35904,33340,33980,33230,34314,32371,32298,31590,31183,30484,32697,33359,51154,57211,5228,33578,47966,55694,31527,31188,49135,51497,29987,32900,37915,26818,33975,33460,33880,26451,31374,32272,33574,25468,30626,35310,33709,30927,24280,30104,36105,30172,23714,29144,30721,29756,22924,29202,5835,16287,35425,5807,20930,14915,32684,5768,5682,5434,33077,14430
36600s,5737,Overflow,33289,5696,5653,Overflow,32460,5443,5323,Overflow,33118,5662,52707,34862,33307,37461,47806,34221,32646,34033,45489,32287,33734,35980,38499,Overflow,35252,6050,35686,Overflow,34701,6684,32291,Overflow,35786,7916,36355,33603,34462,33596,34609,32768,32455,31784,31587,30821,32867,33697,51598,58413,5246,33977,48222,56538,31751,31332,49388,52618,30361,33056,38350,27091,34280,33904,34359,26788,31608,32582,33959,25743,30659,35583,34213,31260,24661,30092,36670,30576,23962,29545,31082,30035,23215,29504,5827,16250,35795,5832,21305,14842,32974,5780,5700,5464,33385,14386
37200s,5738,Overflow,33773,5654,5605,Overflow,32628,5404,5296,Overflow,33588,5661,53716,35178,33700,37624,48907,34466,32754,34276,46450,32410,34102,36229,38831,Overflow,35499,5998,35895,Overflow,34897,6813,32472,Overflow,35891,8321,36480,33966,34640,33926,35060,32969,32694,31959,31924,31037,33086,34065,51898,59621,5194,34117,48662,57561,31988,31757,49801,53711,30615,33312,38672,27356,34432,34207,34701,27002,31762,32802,34243,25951,30955,35652,34642,31659,24832,30430,37085,30879,24213,29809,31486,30287,23353,29819,5851,16022,36241,5796,21796,14729,33225,5783,5699,5470,33677,14208
37800s,5731,Overflow,34161,5646,5658,Overflow,33096,5428,5268,Overflow,33712,5698,55166,35538,34032,37738,49669,34955,33406,34597,47321,32868,34423,36595,39165,Overflow,35824,6008,36132,Overflow,35172,7011,32707,Overflow,36485,8749,36844,34387,34945,34138,35318,33215,32884,32334,32086,31278,33222,34442,52100,60350,5212,34292,48761,58277,32244,31903,50009,54856,30791,33771,39162,27672,34942,34563,35147,27334,31974,33092,34550,26293,31278,35986,34980,31934,25112,30703,37379,31222,24387,30121,31769,30666,23561,30106,5831,15898,36471,5786,22192,14628,33474,5752,5671,5426,33857,14029
38400s,5750,Overflow,34563,5638,5612,Overflow,33362,5396,5289,Overflow,33926,5632,56300,35966,34164,38254,50757,35273,33486,34827,48048,32984,34478,36832,39246,Overflow,35907,6003,36466,Overflow,35424,7205,32965,Overflow,36489,9184,37121,34613,35149,34373,35357,33466,33154,32544,32300,31520,33392,34748,52540,61188,5176,34386,49258,58847,32445,32049,50176,55836,31026,34147,39516,27954,35080,34808,35395,27476,32085,33347,34722,26543,31426,36316,35489,32296,25271,31014,37927,31476,24519,30281,32050,30839,23765,30329,5839,15718,36972,5787,22531,14430,33818,5804,5665,5427,34065,13949
39000s,5718,Overflow,34945,5641,5623,Overflow,33742,5414,5269,Overflow,34061,5647,57260,36198,34417,38342,51826,35520,33755,35127,49017,33509,34517,37357,39674,Overflow,36168,6020,36580,Overflow,35634,7479,33113,Overflow,36812,9755,37642,34984,35349,34676,35746,33659,33335,32667,32597,31806,33699,34935,52973,Overflow,5181,34751,49367,59472,32759,32240,50412,56427,31107,34238,40011,27637,35451,35011,35806,27691,32407,33487,34931,26595,31527,36420,35804,32516,25599,31444,38297,31858,24712,30404,32290,31138,23848,30642,5817,15608,37243,5758,23144,14269,34035,5772,5687,5408,34211,13802
39600s,5714,Overflow,35327,5612,5607,Overflow,33994,5386,5251,Overflow,34235,5632,58670,36644,34762,38702,52523,35884,34017,35322,50074,33799,35045,37498,39880,Overflow,36527,5985,36688,Overflow,35727,7767,33241,Overflow,37089,10308,37862,35144,35819,34763,35975,33910,33341,32975,32769,31963,33701,35234,53225,Overflow,5195,34995,49573,60215,33048,32457,50681,57194,31320,34613,40517,28084,35601,35316,36147,27898,32582,33572,35164,26912,31818,36498,36128,32757,25829,31581,38344,32170,24982,30577,32478,31374,24146,30878,5806,15465,37646,5803,23416,14182,34436,5828,5637,5426,34404,13605
40200s,5684,Overflow,35526,5619,5607,Overflow,34270,5388,5241,Overflow,34603,5677,59999,36982,35051,39005,53877,36079,34169,35600,51101,33907,35132,37792,40087,Overflow,36718,6001,36934,Overflow,35760,8147,33416,Overflow,37262,10870,38124,35492,35987,35205,36281,33975,33864,33044,32902,32077,34005,35502,53596,Overflow,5190,35219,49765,60725,33182,32676,50790,57895,31548,34843,40769,28322,35999,35507,36232,28193,32726,33886,35458,27117,32082,36651,36490,33173,26076,31964,38706,32453,25113,31006,32763,31512,24216,31106,5791,15275,37939,5798,23790,14023,34696,5828,5666,5399,34687,13561
40799s,5687,Overflow,35826,5584,5587,Overflow,34588,5349,5240,Overflow,34733,5633,Overflow,37203,35281,39314,54886,36263,34397,35895,52184,34346,35284,37867,40320,Overflow,37098,5970,37400,Overflow,36070,8612,33629,Overflow,37446,11422,38452,35533,36321,35611,36614,34390,34016,33275,33119,32279,34162,35638,53885,Overflow,5200,35568,50067,Overflow,33337,32731,51133,58418,31881,34811,41188,28643,36250,35748,36689,28444,32882,34080,35650,27291,32019,36814,36892,33293,26318,32131,38887,32685,25366,31044,33046,31836,24463,31370,5771,15070,38325,5770,24135,13940,34938,5849,5663,5423,34775,13428
41399s,5680,Overflow,36074,5561,5582,Overflow,34779,5349,5222,Overflow,34899,5665,Overflow,37526,35428,39439,56202,36412,34702,36030,53486,34565,35571,38066,40431,Overflow,37185,5985,37316,Overflow,36331,9092,33653,Overflow,37690,12065,38759,35969,36560,35689,36670,34485,34077,33430,33429,32553,34107,36014,54079,Overflow,5194,35514,50159,Overflow,33521,32959,51444,58934,31939,35069,41419,28884,36429,36002,36970,28499,33093,34265,35890,27506,32418,36945,37167,33610,26513,32437,39147,32903,25439,31328,33257,31873,24641,31722,5764,14848,38550,5765,24455,13763,35392,5875,5663,5399,35033,13305
41999s,5679,Overflow,36349,5607,5595,Overflow,35184,5338,5220,Overflow,35558,5670,Overflow,37811,35703,39634,57413,36642,34967,36216,54474,34659,35756,38291,40716,Overflow,37280,5960,37765,Overflow,36499,9536,33812,Overflow,37910,12688,38942,36270,36892,35928,36965,34708,34328,33576,33586,32704,34380,36176,54456,Overflow,5163,35719,50333,Overflow,33783,33072,51388,59643,32062,35334,41883,29106,36619,36205,37167,28672,33180,34451,36071,27581,32557,37064,37523,33937,26740,32704,39328,33173,25593,31452,33542,32034,24726,31794,5767,14761,38964,5760,24858,13699,35763,5923,5616,5353,35057,13134
42599s,5653,Overflow,36612,5554,5575,Overflow,35423,5336,5197,Overflow,35431,5663,Overflow,38032,35753,39864,58154,36878,34992,36385,55556,34822,35779,38548,40817,Overflow,37544,5917,37718,Overflow,36527,10050,33917,Overflow,37990,13330,39289,36390,37097,35976,37199,34847,34507,33753,33852,32807,34586,36501,54788,Overflow,5192,35846,50560,Overflow,34030,33210,51824,60199,32224,35693,42380,29381,36898,36338,37344,28677,33376,34469,36211,27506,32602,37124,37993,34052,26961,32794,39587,33376,25816,31569,33634,32266,24879,32139,5795,14682,39270,5757,25221,13588,36207,5971,5626,5391,35409,13075
Date of measurement: 2019-06-18/Time of measurement: 20:46:36,,,,,,,,,,,,,,,,,,,,,,,,,,,,,,,,,,,,,,,,,,,,,,,,,,,,,,,,,,,,,,,,,,,,,,,,,,,,,,,,,,,,,,,,,,,,,,,,
Burden_Monitor_OD600_GFP_10_min.mth,,,,,,,,,,,,,,,,,,,,,,,,,,,,,,,,,,,,,,,,,,,,,,,,,,,,,,,,,,,,,,,,,,,,,,,,,,,,,,,,,,,,,,,,,,,,,,,,
C:\Users\Barrick Lab\Desktop\igem2019\Burden_Monitor_OD600_GFP_10_min.mth,,,,,,,,,,,,,,,,,,,,,,,,,,,,,,,,,,,,,,,,,,,,,,,,,,,,,,,,,,,,,,,,,,,,,,,,,,,,,,,,,,,,,,,,,,,,,,,,
600nm,,,,,,,,,,,,,,,,,,,,,,,,,,,,,,,,,,,,,,,,,,,,,,,,,,,,,,,,,,,,,,,,,,,,,,,,,,,,,,,,,,,,,,,,,,,,,,,,
infinite 200Pro,,,,,,,,,,,,,,,,,,,,,,,,,,,,,,,,,,,,,,,,,,,,,,,,,,,,,,,,,,,,,,,,,,,,,,,,,,,,,,,,,,,,,,,,,,,,,,,,
Instrument serial number: 1602000080,,,,,,,,,,,,,,,,,,,,,,,,,,,,,,,,,,,,,,,,,,,,,,,,,,,,,,,,,,,,,,,,,,,,,,,,,,,,,,,,,,,,,,,,,,,,,,,,
Plate,,,,,,,,,,,,,,,,,,,,,,,,,,,,,,,,,,,,,,,,,,,,,,,,,,,,,,,,,,,,,,,,,,,,,,,,,,,,,,,,,,,,,,,,,,,,,,,,
"Plate Description: [COR96fb clear bottom] - Corning 96 Flat black, clear bottom",,,,,,,,,,,,,,,,,,,,,,,,,,,,,,,,,,,,,,,,,,,,,,,,,,,,,,,,,,,,,,,,,,,,,,,,,,,,,,,,,,,,,,,,,,,,,,,,
Plate with Cover: No,,,,,,,,,,,,,,,,,,,,,,,,,,,,,,,,,,,,,,,,,,,,,,,,,,,,,,,,,,,,,,,,,,,,,,,,,,,,,,,,,,,,,,,,,,,,,,,,
Barcode: No,,,,,,,,,,,,,,,,,,,,,,,,,,,,,,,,,,,,,,,,,,,,,,,,,,,,,,,,,,,,,,,,,,,,,,,,,,,,,,,,,,,,,,,,,,,,,,,,
  Part of Plate,,,,,,,,,,,,,,,,,,,,,,,,,,,,,,,,,,,,,,,,,,,,,,,,,,,,,,,,,,,,,,,,,,,,,,,,,,,,,,,,,,,,,,,,,,,,,,,,
  Range: A1:H12,,,,,,,,,,,,,,,,,,,,,,,,,,,,,,,,,,,,,,,,,,,,,,,,,,,,,,,,,,,,,,,,,,,,,,,,,,,,,,,,,,,,,,,,,,,,,,,,
    Temperature,,,,,,,,,,,,,,,,,,,,,,,,,,,,,,,,,,,,,,,,,,,,,,,,,,,,,,,,,,,,,,,,,,,,,,,,,,,,,,,,,,,,,,,,,,,,,,,,
    Mode: On,,,,,,,,,,,,,,,,,,,,,,,,,,,,,,,,,,,,,,,,,,,,,,,,,,,,,,,,,,,,,,,,,,,,,,,,,,,,,,,,,,,,,,,,,,,,,,,,
    Temperature: 37.0 °C,,,,,,,,,,,,,,,,,,,,,,,,,,,,,,,,,,,,,,,,,,,,,,,,,,,,,,,,,,,,,,,,,,,,,,,,,,,,,,,,,,,,,,,,,,,,,,,,
    Kinetic Cycle,,,,,,,,,,,,,,,,,,,,,,,,,,,,,,,,,,,,,,,,,,,,,,,,,,,,,,,,,,,,,,,,,,,,,,,,,,,,,,,,,,,,,,,,,,,,,,,,
    Duration: 16:01:00,,,,,,,,,,,,,,,,,,,,,,,,,,,,,,,,,,,,,,,,,,,,,,,,,,,,,,,,,,,,,,,,,,,,,,,,,,,,,,,,,,,,,,,,,,,,,,,,
    Kinetic Interval: 00:10:00,,,,,,,,,,,,,,,,,,,,,,,,,,,,,,,,,,,,,,,,,,,,,,,,,,,,,,,,,,,,,,,,,,,,,,,,,,,,,,,,,,,,,,,,,,,,,,,,
      Shaking,,,,,,,,,,,,,,,,,,,,,,,,,,,,,,,,,,,,,,,,,,,,,,,,,,,,,,,,,,,,,,,,,,,,,,,,,,,,,,,,,,,,,,,,,,,,,,,,
      Duration: 420 sec,,,,,,,,,,,,,,,,,,,,,,,,,,,,,,,,,,,,,,,,,,,,,,,,,,,,,,,,,,,,,,,,,,,,,,,,,,,,,,,,,,,,,,,,,,,,,,,,
      Mode: Orbital,,,,,,,,,,,,,,,,,,,,,,,,,,,,,,,,,,,,,,,,,,,,,,,,,,,,,,,,,,,,,,,,,,,,,,,,,,,,,,,,,,,,,,,,,,,,,,,,
      Amplitude: 3 mm,,,,,,,,,,,,,,,,,,,,,,,,,,,,,,,,,,,,,,,,,,,,,,,,,,,,,,,,,,,,,,,,,,,,,,,,,,,,,,,,,,,,,,,,,,,,,,,,
      Frequency: 218.3 rpm,,,,,,,,,,,,,,,,,,,,,,,,,,,,,,,,,,,,,,,,,,,,,,,,,,,,,,,,,,,,,,,,,,,,,,,,,,,,,,,,,,,,,,,,,,,,,,,,
      Wait (Timer),,,,,,,,,,,,,,,,,,,,,,,,,,,,,,,,,,,,,,,,,,,,,,,,,,,,,,,,,,,,,,,,,,,,,,,,,,,,,,,,,,,,,,,,,,,,,,,,
      Wait Time: 00:00:05,,,,,,,,,,,,,,,,,,,,,,,,,,,,,,,,,,,,,,,,,,,,,,,,,,,,,,,,,,,,,,,,,,,,,,,,,,,,,,,,,,,,,,,,,,,,,,,,
      Ignore wait for last kinetic cycle: No,,,,,,,,,,,,,,,,,,,,,,,,,,,,,,,,,,,,,,,,,,,,,,,,,,,,,,,,,,,,,,,,,,,,,,,,,,,,,,,,,,,,,,,,,,,,,,,,
      Absorbance,,,,,,,,,,,,,,,,,,,,,,,,,,,,,,,,,,,,,,,,,,,,,,,,,,,,,,,,,,,,,,,,,,,,,,,,,,,,,,,,,,,,,,,,,,,,,,,,
      Measurement Wavelength: 600 nm,,,,,,,,,,,,,,,,,,,,,,,,,,,,,,,,,,,,,,,,,,,,,,,,,,,,,,,,,,,,,,,,,,,,,,,,,,,,,,,,,,,,,,,,,,,,,,,,
      Measurement Bandwidth: 9 nm,,,,,,,,,,,,,,,,,,,,,,,,,,,,,,,,,,,,,,,,,,,,,,,,,,,,,,,,,,,,,,,,,,,,,,,,,,,,,,,,,,,,,,,,,,,,,,,,
      Number of Reads: 25,,,,,,,,,,,,,,,,,,,,,,,,,,,,,,,,,,,,,,,,,,,,,,,,,,,,,,,,,,,,,,,,,,,,,,,,,,,,,,,,,,,,,,,,,,,,,,,,
      Settle Time: 50 ms,,,,,,,,,,,,,,,,,,,,,,,,,,,,,,,,,,,,,,,,,,,,,,,,,,,,,,,,,,,,,,,,,,,,,,,,,,,,,,,,,,,,,,,,,,,,,,,,
      Label: OD600,,,,,,,,,,,,,,,,,,,,,,,,,,,,,,,,,,,,,,,,,,,,,,,,,,,,,,,,,,,,,,,,,,,,,,,,,,,,,,,,,,,,,,,,,,,,,,,,
      Fluorescence Intensity,,,,,,,,,,,,,,,,,,,,,,,,,,,,,,,,,,,,,,,,,,,,,,,,,,,,,,,,,,,,,,,,,,,,,,,,,,,,,,,,,,,,,,,,,,,,,,,,
      Excitation Wavelength: 485 nm,,,,,,,,,,,,,,,,,,,,,,,,,,,,,,,,,,,,,,,,,,,,,,,,,,,,,,,,,,,,,,,,,,,,,,,,,,,,,,,,,,,,,,,,,,,,,,,,
      Excitation Bandwidth: 9 nm,,,,,,,,,,,,,,,,,,,,,,,,,,,,,,,,,,,,,,,,,,,,,,,,,,,,,,,,,,,,,,,,,,,,,,,,,,,,,,,,,,,,,,,,,,,,,,,,
      Emission Wavelength: 528 nm,,,,,,,,,,,,,,,,,,,,,,,,,,,,,,,,,,,,,,,,,,,,,,,,,,,,,,,,,,,,,,,,,,,,,,,,,,,,,,,,,,,,,,,,,,,,,,,,
      Emission Bandwidth: 20 nm,,,,,,,,,,,,,,,,,,,,,,,,,,,,,,,,,,,,,,,,,,,,,,,,,,,,,,,,,,,,,,,,,,,,,,,,,,,,,,,,,,,,,,,,,,,,,,,,
      ReadingMode: Top,,,,,,,,,,,,,,,,,,,,,,,,,,,,,,,,,,,,,,,,,,,,,,,,,,,,,,,,,,,,,,,,,,,,,,,,,,,,,,,,,,,,,,,,,,,,,,,,
      Lag Time: 0 μs,,,,,,,,,,,,,,,,,,,,,,,,,,,,,,,,,,,,,,,,,,,,,,,,,,,,,,,,,,,,,,,,,,,,,,,,,,,,,,,,,,,,,,,,,,,,,,,,
      Integration Time: 20 μs,,,,,,,,,,,,,,,,,,,,,,,,,,,,,,,,,,,,,,,,,,,,,,,,,,,,,,,,,,,,,,,,,,,,,,,,,,,,,,,,,,,,,,,,,,,,,,,,
      Number of Reads: 25,,,,,,,,,,,,,,,,,,,,,,,,,,,,,,,,,,,,,,,,,,,,,,,,,,,,,,,,,,,,,,,,,,,,,,,,,,,,,,,,,,,,,,,,,,,,,,,,
      Settle Time: 0 ms,,,,,,,,,,,,,,,,,,,,,,,,,,,,,,,,,,,,,,,,,,,,,,,,,,,,,,,,,,,,,,,,,,,,,,,,,,,,,,,,,,,,,,,,,,,,,,,,
      Gain: Manual,,,,,,,,,,,,,,,,,,,,,,,,,,,,,,,,,,,,,,,,,,,,,,,,,,,,,,,,,,,,,,,,,,,,,,,,,,,,,,,,,,,,,,,,,,,,,,,,
      Gain Value: 90,,,,,,,,,,,,,,,,,,,,,,,,,,,,,,,,,,,,,,,,,,,,,,,,,,,,,,,,,,,,,,,,,,,,,,,,,,,,,,,,,,,,,,,,,,,,,,,,
      Z-Position: Manual,,,,,,,,,,,,,,,,,,,,,,,,,,,,,,,,,,,,,,,,,,,,,,,,,,,,,,,,,,,,,,,,,,,,,,,,,,,,,,,,,,,,,,,,,,,,,,,,
      Z-Position height: 19000 μm,,,,,,,,,,,,,,,,,,,,,,,,,,,,,,,,,,,,,,,,,,,,,,,,,,,,,,,,,,,,,,,,,,,,,,,,,,,,,,,,,,,,,,,,,,,,,,,,
      Label: GFP,,,,,,,,,,,,,,,,,,,,,,,,,,,,,,,,,,,,,,,,,,,,,,,,,,,,,,,,,,,,,,,,,,,,,,,,,,,,,,,,,,,,,,,,,,,,,,,,
Total kinetic run time: 11h 50min ,,,,,,,,,,,,,,,,,,,,,,,,,,,,,,,,,,,,,,,,,,,,,,,,,,,,,,,,,,,,,,,,,,,,,,,,,,,,,,,,,,,,,,,,,,,,,,,,