0s,0.109899998,0.135700002,0.140300006,0.141599998,0.1435,0.137799993,0.098099999,0.144199997,0.139500007,0.138899997,0.137799993,0.136800006,0.098700002,0.140799999,0.136899993,0.141200006,0.140300006,0.136000007,0.101199999,0.144600004,0.139300004,0.138799995,0.136399999,0.135900006,0.0995,0.1426,0.136299998,0.141000003,0.139899999,0.135399997,0.096799999,0.143800005,0.138600007,0.139599994,0.135900006,0.135700002,0.096699998,0.146200001,0.137199998,0.141599998,0.140200004,0.138999999,0.100100003,0.145400003,0.1382,0.138400003,0.1373,0.134499997,0.101499997,0.145799994,0.136199996,0.138799995,0.135199994,0.1391,0.097199999,0.136399999,0.136299998,0.140599996,0.138799995,0.129800007,0.103,0.146500006,0.1391,0.140799999,0.137899995,0.142100006,0.100299999,0.139699996,0.138500005,0.142199993,0.141499996,0.1329,0.0986,0.1435,0.140100002,0.143199995,0.135900006,0.139500007,0.097499996,0.137799993,0.138699993,0.141399994,0.141000003,0.1347,0.100000001,0.146400005,0.137700006,0.150000006,0.138999999,0.140699998,0.0995,0.137199998,0.138699993,0.142100006,0.142700002,0.138400003
600.9s,0.111400001,0.1382,0.141599998,0.143999994,0.145400003,0.140300006,0.097599998,0.145699993,0.140699998,0.140599996,0.139200002,0.138099998,0.099299997,0.143299997,0.137600005,0.143399999,0.141200006,0.137099996,0.100000001,0.143800005,0.140000001,0.141200006,0.137500003,0.137899995,0.100400001,0.145899996,0.134900004,0.144600004,0.141499996,0.136099994,0.096799999,0.147,0.139500007,0.141299993,0.1373,0.136800006,0.0973,0.149499997,0.135000005,0.143000007,0.140699998,0.137799993,0.097199999,0.144299999,0.138500005,0.140100002,0.138699993,0.1373,0.103399999,0.147799999,0.136399999,0.140499994,0.136399999,0.140000001,0.097199999,0.139500007,0.137799993,0.142000005,0.139400005,0.131400004,0.105400003,0.144099995,0.140000001,0.144199997,0.138600007,0.142100006,0.099100001,0.140200004,0.139400005,0.145500004,0.141499996,0.135199994,0.098800004,0.145999998,0.142399997,0.145500004,0.137400001,0.140900001,0.097400002,0.138300002,0.140000001,0.142700002,0.142700002,0.136600003,0.103,0.148300007,0.138300002,0.152600005,0.142199993,0.142100006,0.099200003,0.139300004,0.140400007,0.144899994,0.144099995,0.136500001
1200.9s,0.111000001,0.140400007,0.144299999,0.148300007,0.149700001,0.144800007,0.0977,0.148000002,0.142499998,0.143900007,0.142700002,0.141000003,0.100000001,0.147499993,0.139799997,0.146400005,0.145400003,0.140799999,0.099699996,0.1461,0.141900003,0.144099995,0.140599996,0.139899999,0.101800002,0.150399998,0.136899993,0.147200003,0.144899994,0.140400007,0.096900001,0.146300003,0.141200006,0.144400001,0.139899999,0.139500007,0.096799999,0.153300002,0.136700004,0.146200001,0.143600002,0.141000003,0.098099999,0.146899998,0.139899999,0.142399997,0.141900003,0.138699993,0.103600003,0.151199996,0.1391,0.145899996,0.1391,0.1426,0.0973,0.140200004,0.139200002,0.145600006,0.142199993,0.134200007,0.105599999,0.153799996,0.141100004,0.1435,0.1417,0.144600004,0.099399999,0.141900003,0.140799999,0.147300005,0.144700006,0.138099998,0.100000001,0.146699995,0.146200001,0.149499997,0.140699998,0.144999996,0.097599998,0.140900001,0.142700002,0.146699995,0.146300003,0.139200002,0.101899996,0.150600001,0.140900001,0.157000005,0.146300003,0.145099998,0.0977,0.141200006,0.142299995,0.147599995,0.147300005,0.143700004
1800.9s,0.111199997,0.143700004,0.148300007,0.154200003,0.156900004,0.151700005,0.097599998,0.150999993,0.145099998,0.148300007,0.148300007,0.145699993,0.100100003,0.151600003,0.144700006,0.151899993,0.151800007,0.145699993,0.0999,0.149100006,0.145099998,0.149000004,0.1461,0.144800007,0.104400001,0.155000001,0.140200004,0.152199998,0.150199994,0.143999994,0.096799999,0.149200007,0.143999994,0.148900002,0.144899994,0.143900007,0.097099997,0.157700002,0.139400005,0.152600005,0.149299994,0.146400005,0.0973,0.149299994,0.142900005,0.146899998,0.147100002,0.143199995,0.104500003,0.154599994,0.140699998,0.1505,0.143800005,0.147599995,0.0973,0.143399999,0.142199993,0.150199994,0.147499993,0.138600007,0.105700001,0.150000006,0.145300001,0.148599997,0.146699995,0.149200007,0.097900003,0.144899994,0.144600004,0.1558,0.150800005,0.143000007,0.099600002,0.149399996,0.149800003,0.155200005,0.145899996,0.149100006,0.097800002,0.144899994,0.146699995,0.152199998,0.152600005,0.151299998,0.099200003,0.152700007,0.144099995,0.162599996,0.154100001,0.150399998,0.098300003,0.145400003,0.1461,0.154400006,0.153799996,0.154100001
2400.9s,0.111299999,0.148200005,0.152999997,0.161500007,0.166800007,0.158999994,0.097800002,0.1558,0.151099995,0.154599994,0.157000005,0.152899995,0.100599997,0.156599998,0.148000002,0.159099996,0.161200002,0.152799994,0.099600002,0.153899997,0.149900004,0.155200005,0.153999999,0.150999993,0.102799997,0.163299993,0.144500002,0.158899993,0.159099996,0.151899993,0.097099997,0.153500006,0.148399994,0.155399993,0.153099999,0.150700003,0.096699998,0.162799999,0.143800005,0.160899997,0.158199996,0.152999997,0.097199999,0.153699994,0.147400007,0.153099999,0.155300006,0.149599999,0.105800003,0.159500003,0.145099998,0.153600007,0.151500002,0.154799998,0.097800002,0.147300005,0.146799996,0.157000005,0.155499995,0.144899994,0.1074,0.153899997,0.148699999,0.153999999,0.154599994,0.1567,0.097900003,0.149399996,0.148699999,0.158999994,0.158600003,0.149599999,0.099699996,0.153400004,0.154699996,0.161899999,0.153799996,0.156200007,0.097900003,0.148699999,0.151700005,0.159199998,0.161699995,0.150700003,0.100199997,0.158500001,0.148800001,0.169599995,0.157800004,0.157100007,0.098399997,0.149599999,0.150600001,0.159600005,0.162699997,0.153200001
3000.9s,0.112499997,0.152799994,0.159099996,0.170100003,0.179499999,0.168200001,0.0977,0.161300004,0.157800004,0.162599996,0.168500006,0.162100002,0.1008,0.162900001,0.153799996,0.167400002,0.173999995,0.161599994,0.099600002,0.158899993,0.155699998,0.162599996,0.165099993,0.160500005,0.103600003,0.167699993,0.150099993,0.166999996,0.171299994,0.159099996,0.096900001,0.158999994,0.154200003,0.162900001,0.164100006,0.159199998,0.097000003,0.168599993,0.149200007,0.166099995,0.170300007,0.161899999,0.097000003,0.159099996,0.153300002,0.160600007,0.1655,0.158199996,0.105899997,0.165000007,0.157700002,0.1611,0.161899999,0.164000005,0.097400002,0.151899993,0.152600005,0.165600002,0.167199999,0.1523,0.107600003,0.159500003,0.154200003,0.161400005,0.165299997,0.166299999,0.098499998,0.154300004,0.154899999,0.167999998,0.171000004,0.157600001,0.100900002,0.158700004,0.160099998,0.171800002,0.164399996,0.165600002,0.098899998,0.153899997,0.157800004,0.167400002,0.1752,0.163299993,0.100699998,0.161899999,0.154400006,0.178399995,0.172700003,0.166800007,0.0977,0.155000001,0.157000005,0.167799994,0.174099997,0.160300002
3600.9s,0.111699998,0.158399999,0.165900007,0.180600002,0.195800006,0.179199994,0.0977,0.167999998,0.165199995,0.1796,0.182799995,0.1734,0.101599999,0.168899998,0.160799995,0.176799998,0.190099999,0.171700001,0.099699996,0.1655,0.162699997,0.171700001,0.179199994,0.171399996,0.1039,0.173899993,0.158399999,0.176499993,0.186800003,0.169100001,0.096900001,0.165900007,0.161400005,0.172199994,0.177900001,0.170000002,0.097800002,0.174600005,0.1558,0.180600002,0.185800001,0.172700003,0.097099997,0.1655,0.1602,0.169799998,0.179299995,0.169100001,0.107000001,0.171700001,0.160099998,0.1699,0.175099999,0.176400006,0.098999999,0.158299997,0.159999996,0.176100001,0.181700006,0.161500007,0.112300001,0.171299994,0.160899997,0.170399994,0.181600004,0.1796,0.097800002,0.1602,0.161699995,0.177900001,0.186499998,0.169400007,0.100199997,0.164900005,0.166700006,0.178599998,0.177599996,0.176799998,0.0986,0.1611,0.165099993,0.176899999,0.190799996,0.172999993,0.100199997,0.168099999,0.160600007,0.187000006,0.185399994,0.178599998,0.097800002,0.159700006,0.163599998,0.182300001,0.189700007,0.169400007
4200.9s,0.1118,0.165299997,0.174099997,0.192000002,0.214900002,0.191400006,0.098300003,0.175600007,0.1743,0.187900007,0.199100003,0.186199993,0.101199999,0.176200002,0.168699995,0.187199995,0.208800003,0.184200004,0.099600002,0.173800007,0.171399996,0.181899995,0.195999995,0.183699995,0.104400001,0.180600002,0.163900003,0.186800003,0.205300003,0.180700004,0.096900001,0.173500001,0.169799998,0.1822,0.194399998,0.182699993,0.097599998,0.191699997,0.167099997,0.194199994,0.204099998,0.184,0.096799999,0.173199996,0.168500006,0.180399999,0.194900006,0.181500003,0.106600001,0.178800002,0.165199995,0.185800001,0.190500006,0.190300003,0.097900003,0.164399996,0.168400005,0.1866,0.197699994,0.171800002,0.111100003,0.177300006,0.170300007,0.1796,0.1954,0.193100005,0.097900003,0.166899994,0.170100003,0.190300003,0.203899994,0.178399995,0.100599997,0.172299996,0.174500003,0.190500006,0.193200007,0.190300003,0.098899998,0.1664,0.173199996,0.1884,0.207699999,0.185499996,0.1021,0.178000003,0.168500006,0.197300002,0.198100001,0.192000002,0.097800002,0.167500004,0.172199994,0.188700005,0.207499996,0.180600002
4800.9s,0.112099998,0.172900006,0.183500007,0.204999998,0.237100005,0.205599993,0.097900003,0.184799999,0.184400007,0.199699998,0.219300002,0.201499999,0.101300001,0.185100004,0.178200006,0.199900001,0.229900002,0.198200002,0.099600002,0.182799995,0.181299999,0.193900004,0.215399995,0.198699996,0.104800001,0.188999996,0.179299995,0.199200004,0.227200001,0.194800004,0.097099997,0.183400005,0.179900005,0.194299996,0.213499993,0.197799996,0.097000003,0.1972,0.171900004,0.200200006,0.224999994,0.199300006,0.096600004,0.1822,0.178399995,0.191300005,0.214000002,0.196999997,0.107600003,0.187800005,0.180800006,0.191300005,0.209199995,0.206799999,0.098399997,0.173099995,0.178800002,0.199599996,0.217999995,0.184100002,0.109499998,0.180700004,0.178399995,0.194000006,0.214399993,0.209299996,0.097599998,0.175300002,0.179900005,0.202800006,0.225600004,0.1954,0.101400003,0.183400005,0.183300003,0.200000003,0.211500004,0.206200004,0.098800004,0.174400002,0.183300003,0.201100007,0.228499994,0.192599997,0.109300002,0.184699997,0.177900001,0.209199995,0.216600001,0.208100006,0.097900003,0.175400004,0.182099998,0.206499994,0.228,0.194199994
5400.9s,0.112800002,0.184300005,0.194499999,0.219799995,0.262600005,0.2227,0.097800002,0.195999995,0.196600005,0.213,0.243100002,0.219300002,0.1021,0.195199996,0.189300001,0.214399993,0.254700005,0.214499995,0.099600002,0.194100007,0.193399996,0.207699999,0.239099994,0.215800002,0.107100002,0.198599994,0.183300003,0.213400006,0.252999991,0.210700005,0.097000003,0.194199994,0.191699997,0.208700001,0.236699998,0.215599999,0.098499998,0.199100003,0.182500005,0.215200007,0.249599993,0.214699998,0.096699998,0.193100005,0.189999998,0.205200002,0.236300007,0.215000004,0.107100002,0.197099999,0.184900001,0.204799995,0.230100006,0.225400001,0.097800002,0.182600006,0.190599993,0.214499995,0.240199998,0.198300004,0.110100001,0.189700007,0.189400002,0.203600004,0.236100003,0.227699995,0.097599998,0.185100004,0.191300005,0.217099994,0.2491,0.207000002,0.100500003,0.190699995,0.194000006,0.213300005,0.232899994,0.224000007,0.0986,0.184200004,0.195099995,0.216000006,0.253699988,0.209800005,0.098399997,0.195999995,0.188099995,0.223100007,0.238800004,0.226099998,0.097800002,0.185800001,0.193499997,0.216299996,0.251399994,0.209700003
6000.9s,0.113300003,0.194700003,0.208100006,0.2377,0.288300008,0.243100002,0.097999997,0.209700003,0.211500004,0.228599995,0.269600004,0.2403,0.101599999,0.207100004,0.202800006,0.231700003,0.278600007,0.234400004,0.099600002,0.207499996,0.207399994,0.224099994,0.26789999,0.236699998,0.105400003,0.210199997,0.195999995,0.230399996,0.279100001,0.230000004,0.097099997,0.207100004,0.205799997,0.224999994,0.263500005,0.235400006,0.098099999,0.210999995,0.195800006,0.232999995,0.275700003,0.233400002,0.096500002,0.206100002,0.203999996,0.221900001,0.261799991,0.237299994,0.107299998,0.209199995,0.207399994,0.220200002,0.254500002,0.245900005,0.097999997,0.194100007,0.204699993,0.231600001,0.265700012,0.215200007,0.1096,0.201199993,0.202800006,0.219300002,0.262199998,0.250099987,0.097499996,0.197099999,0.2051,0.234999999,0.274899989,0.224999994,0.101099998,0.202800006,0.215000004,0.228300005,0.258100003,0.245000005,0.098700002,0.195600003,0.209000006,0.233999997,0.279399991,0.226600006,0.098200001,0.206200004,0.200800002,0.239199996,0.264400005,0.247999996,0.097999997,0.196700007,0.207599998,0.234400004,0.27790001,0.225999996
6600.8s,0.112300001,0.211500004,0.223900005,0.257400006,0.318199992,0.264499992,0.097800002,0.224700004,0.227799997,0.246800005,0.298799992,0.262699991,0.101800002,0.222000003,0.218700007,0.251399994,0.309300005,0.256399989,0.099600002,0.224199995,0.2245,0.243100002,0.300900012,0.259799987,0.105499998,0.2236,0.211500004,0.2509,0.309799999,0.252400011,0.097000003,0.223000005,0.222800002,0.244599998,0.295100003,0.258700013,0.097999997,0.224399999,0.210600004,0.252099991,0.305599988,0.255100012,0.096600004,0.220899999,0.220200002,0.240199998,0.287800014,0.264699996,0.1074,0.222900003,0.212500006,0.243100002,0.280499995,0.270099998,0.097800002,0.208299994,0.221499994,0.252499998,0.293000013,0.234799996,0.1105,0.214100003,0.218199998,0.238100007,0.288899988,0.274399996,0.097800002,0.211300001,0.222299993,0.255100012,0.305299997,0.246099994,0.101800002,0.216800004,0.221399993,0.247199997,0.283899993,0.26910001,0.098899998,0.210099995,0.226500005,0.254400015,0.310200006,0.248300001,0.102499999,0.224900007,0.215900004,0.257400006,0.290399998,0.271499991,0.097800002,0.210899994,0.224399999,0.253600001,0.307399988,0.252299994
7200.8s,0.111699998,0.228300005,0.243000001,0.280400008,0.342599988,0.291299999,0.097900003,0.243399993,0.247400001,0.272300005,0.328799993,0.287699997,0.101499997,0.238600001,0.2377,0.274800003,0.334100008,0.282999992,0.099600002,0.241899997,0.244499996,0.264899999,0.336699992,0.284099996,0.105800003,0.240099996,0.229499996,0.271400005,0.333999991,0.277399987,0.097099997,0.241300002,0.241600007,0.265599996,0.331400007,0.282999992,0.096900001,0.240600005,0.229100004,0.274599999,0.331499994,0.281300008,0.096500002,0.238800004,0.239199996,0.263000011,0.320499986,0.294499993,0.107100002,0.239199996,0.2315,0.258700013,0.311199993,0.295300007,0.097400002,0.225099996,0.241300002,0.275099993,0.320100009,0.25850001,0.109800003,0.229800001,0.237000003,0.257999986,0.32100001,0.303200006,0.097900003,0.231800005,0.241799995,0.278899997,0.332300007,0.273600012,0.100400001,0.233799994,0.2377,0.2667,0.315299988,0.294099987,0.099299997,0.225199997,0.246000007,0.2773,0.335799992,0.275200009,0.098800004,0.241099998,0.233400002,0.281800002,0.322400004,0.296999991,0.097800002,0.227500007,0.244000003,0.276199996,0.334699988,0.272100002
7800.9s,0.1118,0.241300002,0.261700004,0.307000011,0.368900001,0.32069999,0.097800002,0.262800008,0.265799999,0.293000013,0.351500005,0.317900002,0.104000002,0.254400015,0.256000012,0.301400006,0.360599995,0.311699986,0.099600002,0.262699991,0.263000011,0.289400011,0.364399999,0.31310001,0.105899997,0.258300006,0.247999996,0.2958,0.361299992,0.307300001,0.097000003,0.261400014,0.261400014,0.289999992,0.359400004,0.31189999,0.097199999,0.257600009,0.253300011,0.30250001,0.356599987,0.310900003,0.0964,0.2597,0.258899987,0.287999988,0.350199997,0.334100008,0.107900001,0.257800013,0.254000008,0.280699998,0.335599989,0.333600014,0.097800002,0.242300004,0.261099994,0.302300006,0.344300002,0.28549999,0.109499998,0.247400001,0.256199986,0.282099992,0.345299989,0.332700014,0.0986,0.249699995,0.260699987,0.306199998,0.357300013,0.298900008,0.100500003,0.252999991,0.253699988,0.290399998,0.343300015,0.325399995,0.099100001,0.243599996,0.265700012,0.304100007,0.360599995,0.302300006,0.098300003,0.260199994,0.252200007,0.3037,0.349999994,0.328099996,0.097800002,0.245499998,0.263500005,0.30219999,0.358200014,0.305599988
8400.8s,0.115199998,0.265100002,0.283499986,0.334800005,0.397799999,0.351799995,0.097999997,0.283899993,0.289200008,0.3204,0.377200007,0.344099998,0.102300003,0.273499995,0.278299987,0.3292,0.390199989,0.340900004,0.099600002,0.282799989,0.285100013,0.316000015,0.391099989,0.340000004,0.1061,0.277700007,0.269300014,0.324299991,0.390199989,0.338400006,0.097199999,0.281300008,0.283699989,0.318500012,0.385199994,0.339700013,0.097000003,0.277099997,0.269199997,0.328399986,0.385500014,0.343899995,0.0964,0.280000001,0.281100005,0.317299992,0.372900009,0.365500003,0.108199999,0.277099997,0.269800007,0.307099998,0.361799985,0.353100002,0.097999997,0.261200011,0.284299999,0.3292,0.371300012,0.315499991,0.109800003,0.267199993,0.278100014,0.309599996,0.372200012,0.357199997,0.097800002,0.267699987,0.282700002,0.333600014,0.383599997,0.328900009,0.100599997,0.272599995,0.272599995,0.323500007,0.367399991,0.352400005,0.0986,0.262400001,0.288599998,0.333799988,0.387499988,0.333000004,0.108099997,0.277200013,0.271499991,0.330599993,0.372900009,0.355800003,0.097800002,0.266200006,0.286500007,0.330500007,0.385500014,0.329400003
9000.8s,0.111900002,0.287200004,0.308800012,0.359699994,0.428200006,0.376300007,0.097900003,0.307700008,0.315800011,0.347600013,0.405800015,0.369300008,0.101800002,0.300700009,0.302700013,0.354600012,0.4208,0.365399987,0.099600002,0.307200015,0.311100006,0.342500001,0.421299994,0.36590001,0.1061,0.300099999,0.294200003,0.349799991,0.421099991,0.364199996,0.097099997,0.304699987,0.309300005,0.345299989,0.407700002,0.365799993,0.096799999,0.300599992,0.301899999,0.352999985,0.414700001,0.369399995,0.096299998,0.3028,0.305999994,0.340900004,0.406300008,0.394600004,0.107299998,0.299100012,0.294099987,0.331900001,0.389200002,0.376100004,0.097900003,0.28459999,0.310200006,0.354799986,0.399699986,0.34040001,0.110100001,0.287600011,0.302599996,0.335999995,0.398999989,0.383300006,0.097499996,0.289200008,0.313699991,0.359400004,0.412400007,0.355300009,0.101599999,0.298299998,0.299199998,0.343899995,0.394899994,0.378500015,0.099399999,0.286199987,0.314700007,0.359100014,0.416200012,0.363400012,0.101599999,0.302399993,0.29550001,0.357300013,0.400400013,0.380299985,0.097800002,0.288500011,0.312599987,0.356700003,0.414999992,0.356700003
9600.8s,0.112300001,0.312400013,0.334199995,0.386299998,0.458499998,0.403699994,0.097900003,0.333600014,0.33829999,0.372099996,0.432500005,0.395599991,0.101899996,0.322699994,0.326599985,0.381900012,0.450199991,0.3926,0.099699996,0.333999991,0.335900009,0.368600011,0.43779999,0.392100006,0.106799997,0.326400012,0.320300013,0.377099991,0.451799989,0.390899986,0.097400002,0.332300007,0.334399998,0.372099996,0.429100007,0.392199993,0.097000003,0.326900005,0.327699989,0.380699992,0.443100005,0.395900011,0.096799999,0.328799993,0.330900013,0.36590001,0.428799987,0.422199994,0.107500002,0.325199991,0.32249999,0.3583,0.416799992,0.403299987,0.0986,0.308899999,0.333999991,0.381300002,0.427300006,0.364899993,0.110100001,0.312999994,0.328299999,0.362500012,0.4278,0.4111,0.097800002,0.315499991,0.334500015,0.387600005,0.445199996,0.381599993,0.102799997,0.326999992,0.320899993,0.370900005,0.425300002,0.408800006,0.0995,0.313600004,0.341399997,0.386200011,0.448799998,0.385600001,0.098300003,0.332399994,0.322899997,0.387499988,0.433800012,0.406800002,0.0977,0.315400004,0.339599997,0.384200007,0.444499999,0.382299989
10200.8s,0.111699998,0.335200012,0.358099997,0.412200004,0.487699986,0.432500005,0.097900003,0.358999997,0.362899989,0.396499991,0.460799992,0.423700005,0.102200001,0.348500013,0.349799991,0.408199996,0.481700003,0.421799988,0.099699996,0.35769999,0.359400004,0.395000011,0.460700005,0.419999987,0.106799997,0.350499988,0.344099998,0.403600007,0.480699986,0.424899995,0.097199999,0.35620001,0.3583,0.397500008,0.459300011,0.418599993,0.096900001,0.351500005,0.343899995,0.414799988,0.475100011,0.426099986,0.096199997,0.354000002,0.354799986,0.392500013,0.459199995,0.4454,0.107600003,0.34830001,0.340900004,0.383599997,0.448199987,0.431300014,0.097199999,0.332899988,0.35800001,0.406800002,0.458700001,0.390899986,0.110799998,0.347600013,0.352699995,0.389099985,0.463699996,0.43900001,0.097499996,0.341199994,0.358900011,0.413800001,0.47420001,0.408100009,0.102899998,0.345600009,0.343499988,0.399199992,0.456099987,0.436199993,0.098499998,0.336299986,0.365500003,0.41170001,0.477699995,0.412299991,0.101400003,0.353799999,0.342700005,0.414900005,0.460299999,0.435299993,0.0977,0.342700005,0.363799989,0.41080001,0.476000011,0.408399999
10800.8s,0.113200001,0.360700011,0.382400006,0.439200014,0.522099972,0.461400002,0.097900003,0.383100003,0.386999995,0.421799988,0.493000001,0.452199996,0.1021,0.372799993,0.374000013,0.436199993,0.517700016,0.451200008,0.099600002,0.382200003,0.3838,0.420100003,0.492199987,0.44749999,0.107000001,0.376199991,0.368900001,0.430999994,0.516499996,0.449000001,0.097099997,0.379500002,0.38350001,0.423799992,0.492199987,0.446399987,0.096900001,0.377000004,0.377200007,0.435400009,0.511099994,0.451999992,0.096100003,0.379500002,0.380199999,0.419800013,0.493200004,0.461600006,0.107500002,0.372500002,0.365099996,0.409700006,0.481099993,0.462500006,0.097499996,0.35769999,0.3838,0.434599996,0.493000001,0.419400007,0.109700002,0.370499998,0.378300011,0.416599989,0.494599998,0.466899991,0.099100001,0.36590001,0.384900004,0.441799998,0.508899987,0.437000006,0.100599997,0.370700002,0.367199987,0.423799992,0.490500003,0.462700009,0.098499998,0.362100005,0.390199989,0.43779999,0.511300027,0.441199988,0.103200004,0.380299985,0.368999988,0.436699986,0.494800001,0.46450001,0.097800002,0.365700006,0.388999999,0.436699986,0.50999999,0.43720001
11400.8s,0.111699998,0.386500001,0.408600003,0.469300002,0.559300005,0.491100013,0.097900003,0.409000009,0.414000005,0.450899988,0.527199984,0.480599999,0.101999998,0.40079999,0.400200009,0.467099994,0.555299997,0.479000002,0.099699996,0.407799989,0.411000013,0.448300004,0.526600003,0.476399988,0.106799997,0.402500004,0.395700008,0.461499989,0.553900003,0.475899994,0.098399997,0.404799998,0.408899993,0.452800006,0.52759999,0.475800008,0.096900001,0.402500004,0.395700008,0.466199994,0.549300015,0.482899994,0.096600004,0.404399991,0.406699985,0.448399991,0.528599977,0.475600004,0.109700002,0.399100006,0.391400009,0.4384,0.518299997,0.4903,0.097900003,0.382600009,0.409299999,0.464300007,0.528699994,0.44749999,0.110200003,0.394699991,0.404399991,0.444400012,0.532899976,0.497700006,0.098999999,0.391299993,0.41139999,0.471399993,0.545300007,0.466199994,0.100500003,0.397000015,0.3935,0.450100005,0.530600011,0.493900001,0.098700002,0.386700004,0.416299999,0.467500001,0.548399985,0.47240001,0.099399999,0.407099992,0.39289999,0.463400006,0.532700002,0.496199995,0.0977,0.392800003,0.415800005,0.465700001,0.54610002,0.468400002
12000.8s,0.111900002,0.415399998,0.4375,0.499199986,0.595799983,0.519500017,0.097900003,0.434799999,0.442400008,0.481700003,0.561200023,0.509500027,0.1021,0.430999994,0.428799987,0.497799993,0.593299985,0.50999999,0.099600002,0.432799995,0.440299988,0.478500009,0.562699974,0.504800022,0.107199997,0.430200011,0.424199998,0.492599994,0.591600001,0.513100028,0.097199999,0.433400005,0.4375,0.484200001,0.564100027,0.506799996,0.096900001,0.430400014,0.423900008,0.496499985,0.587599993,0.511200011,0.096299998,0.430900007,0.436300009,0.479200006,0.564899981,0.511399984,0.107500002,0.424800009,0.42899999,0.470200002,0.556299984,0.522400022,0.0973,0.408899993,0.436699986,0.493299991,0.564800024,0.477100015,0.110100001,0.415300012,0.432200015,0.481999993,0.570900023,0.530600011,0.098899998,0.418099999,0.440699995,0.50150001,0.582000017,0.500500023,0.101400003,0.423500001,0.417899996,0.480500013,0.565100014,0.527499974,0.098700002,0.413599998,0.445499986,0.498800009,0.582199991,0.503600001,0.101400003,0.432999998,0.419099987,0.494100004,0.570100009,0.529200017,0.098300003,0.416999996,0.444900006,0.497200012,0.583000004,0.498299986
12600.8s,0.111699998,0.445800006,0.467700005,0.529500008,0.633599997,0.55430001,0.097999997,0.46540001,0.472200006,0.511200011,0.594600022,0.542900026,0.101999998,0.457700014,0.459699988,0.527199984,0.632000029,0.545599997,0.099600002,0.462599993,0.469900012,0.508099973,0.596400023,0.537599981,0.107699998,0.460200012,0.455300003,0.521399975,0.629899979,0.548399985,0.097099997,0.460099995,0.466199994,0.511099994,0.600799978,0.539300025,0.096900001,0.460299999,0.453799993,0.526300013,0.626900017,0.545799971,0.097400002,0.460500002,0.465000004,0.507600009,0.602500021,0.540499985,0.1074,0.45449999,0.44690001,0.496499985,0.595300019,0.558499992,0.097099997,0.437599987,0.4648,0.521899998,0.601700008,0.508099973,0.111299999,0.441900015,0.462000012,0.505200028,0.611599982,0.568199992,0.101199999,0.44690001,0.470600009,0.532599986,0.619799972,0.528999984,0.101400003,0.453000009,0.447299987,0.512300014,0.605099976,0.56370002,0.098899998,0.442799985,0.475600004,0.529200017,0.617799997,0.536800027,0.098300003,0.458700001,0.448700011,0.524500012,0.609300017,0.564999998,0.097800002,0.446999997,0.475699991,0.527999997,0.620500028,0.530900002
13200.8s,0.111699998,0.476599991,0.498400003,0.558300018,0.667999983,0.58829999,0.097900003,0.495000005,0.502200007,0.540199995,0.625699997,0.576799989,0.102600001,0.490399987,0.489499986,0.556699991,0.667699993,0.581499994,0.100000001,0.4921,0.499799997,0.536800027,0.629599988,0.57099998,0.1074,0.492399991,0.484200001,0.551100016,0.665099978,0.578199983,0.097199999,0.488900006,0.496199995,0.540799975,0.636699975,0.572899997,0.097000003,0.492000014,0.49180001,0.557299972,0.662899971,0.58099997,0.096199997,0.488499999,0.494899988,0.537299991,0.639699996,0.571699977,0.1087,0.483399987,0.477899998,0.527100027,0.632099986,0.595600009,0.097099997,0.468600005,0.496800005,0.553799987,0.637700021,0.542999983,0.112199999,0.47299999,0.493400007,0.535399973,0.655200005,0.606100023,0.097499996,0.475600004,0.502300024,0.564100027,0.657599986,0.563899994,0.102399997,0.484200001,0.478700012,0.542500019,0.64289999,0.605199993,0.0986,0.475199997,0.50819999,0.560699999,0.655399978,0.572799981,0.100500003,0.488599986,0.478799999,0.555700004,0.649200022,0.600399971,0.097800002,0.478700012,0.506900012,0.558300018,0.655600011,0.565999985
13800.8s,0.112000003,0.50940001,0.528599977,0.58859998,0.702000022,0.623899996,0.098300003,0.5255,0.532199979,0.566999972,0.658200026,0.610499978,0.1021,0.522899985,0.519500017,0.589399993,0.702199996,0.61650002,0.099699996,0.522499979,0.530700028,0.565999985,0.663500011,0.604799986,0.108000003,0.524299979,0.516200006,0.584900022,0.699999988,0.615199983,0.097199999,0.518100023,0.529399991,0.57249999,0.670899987,0.606100023,0.096900001,0.524200022,0.517099977,0.591700017,0.699800014,0.617200017,0.096100003,0.514999986,0.528500021,0.568700016,0.674600005,0.605700016,0.107699998,0.513599992,0.510100007,0.557799995,0.667400002,0.642099977,0.097199999,0.498699993,0.530799985,0.586799979,0.670899987,0.577400029,0.110100001,0.501900017,0.5255,0.566999972,0.685199976,0.642199993,0.098399997,0.506299973,0.53549999,0.5977,0.690900028,0.601000011,0.102700002,0.514299989,0.5079,0.572600007,0.677200019,0.637199998,0.100100003,0.506500006,0.539300025,0.593100011,0.686200023,0.609099984,0.098399997,0.51849997,0.509299994,0.586199999,0.683399975,0.636699975,0.098399997,0.510999978,0.540400028,0.591099977,0.689300001,0.601800025
14400.8s,0.111599997,0.539099991,0.560800016,0.621100008,0.734000027,0.656400025,0.097999997,0.555899978,0.567200005,0.598999977,0.688499987,0.646200001,0.102200001,0.554700017,0.555000007,0.625100017,0.736500025,0.65170002,0.099799998,0.551999986,0.566999972,0.600499988,0.695200026,0.638300002,0.108000003,0.556699991,0.551699996,0.619700015,0.733799994,0.648999989,0.0977,0.549700022,0.564599991,0.606100023,0.702199996,0.639100015,0.097000003,0.558700025,0.553499997,0.629000008,0.732900023,0.652199984,0.096100003,0.548200011,0.564400017,0.603100002,0.708400011,0.640100002,0.107699998,0.546599984,0.545700014,0.593100011,0.702199996,0.66839999,0.097199999,0.530099988,0.566900015,0.621399999,0.702899992,0.610000014,0.113200001,0.533900023,0.562300026,0.603999972,0.721899986,0.678499997,0.097499996,0.540600002,0.573099971,0.634500027,0.724300027,0.63319999,0.106899999,0.547900021,0.541599989,0.607800007,0.712800026,0.674700022,0.099399999,0.540700018,0.576600015,0.627900004,0.718800008,0.64289999,0.100500003,0.549899995,0.541800022,0.619599998,0.712499976,0.673600018,0.097800002,0.54400003,0.576099992,0.626399994,0.721499979,0.636799991
15000.8s,0.112499997,0.571200013,0.597100019,0.654999971,0.765900016,0.68720001,0.097999997,0.5898,0.601400018,0.631099999,0.717299998,0.67869997,0.102200001,0.590799987,0.593400002,0.65990001,0.769900024,0.681500018,0.099699996,0.586799979,0.603200018,0.634299994,0.724300027,0.671199977,0.1083,0.592199981,0.589399993,0.654200017,0.76730001,0.679099977,0.097199999,0.584999979,0.602100015,0.640500009,0.73299998,0.67049998,0.096900001,0.593500018,0.590600014,0.663699985,0.766900003,0.685500026,0.096299998,0.580900013,0.601499975,0.639800012,0.739300013,0.672399998,0.107900001,0.58130002,0.583100021,0.628600001,0.736199975,0.702000022,0.0973,0.566100001,0.605499983,0.656400025,0.736800015,0.6426,0.1109,0.568000019,0.59920001,0.638199985,0.756399989,0.712000012,0.0977,0.578100026,0.618900001,0.6699,0.757000029,0.666800022,0.100599997,0.583299994,0.577600002,0.643899977,0.746399999,0.708899975,0.099399999,0.577300012,0.612800002,0.663999975,0.750199974,0.676500022,0.098300003,0.584399998,0.577199996,0.655600011,0.743799984,0.707199991,0.098200001,0.578800023,0.612500012,0.662299991,0.753499985,0.669799984
15600.8s,0.112000003,0.609300017,0.634000003,0.687300026,0.786899984,0.717899978,0.098300003,0.623199999,0.638300002,0.665099978,0.744000018,0.710200012,0.102200001,0.628099978,0.629999995,0.692799985,0.791700006,0.71450001,0.099699996,0.623000026,0.640600026,0.670099974,0.751699984,0.701799989,0.108800001,0.629199982,0.62620002,0.68809998,0.790300012,0.712499976,0.0977,0.622099996,0.639100015,0.675100029,0.762399971,0.700500011,0.097000003,0.6329,0.629499972,0.698599994,0.792500019,0.719600022,0.096100003,0.617999971,0.640299976,0.674899995,0.768100023,0.699800014,0.107799999,0.618600011,0.620500028,0.677200019,0.766600013,0.733099997,0.097999997,0.605000019,0.641700029,0.688300014,0.761500001,0.672299981,0.110600002,0.604399979,0.638000011,0.673200011,0.791100025,0.745500028,0.097400002,0.617200017,0.649500012,0.703000009,0.783800006,0.6972,0.100699998,0.619899988,0.615499973,0.677999973,0.776899993,0.741299987,0.098999999,0.613399982,0.649200022,0.69630003,0.774200022,0.707000017,0.100500003,0.620299995,0.612800002,0.692799985,0.776000023,0.74000001,0.099200003,0.613399982,0.647800028,0.694800019,0.779799998,0.700900018
16200.8s,0.111699998,0.646899998,0.668500006,0.719299972,0.804499984,0.746699989,0.097900003,0.658299983,0.672699988,0.69599998,0.761500001,0.740100026,0.102300003,0.664699972,0.665600002,0.726199985,0.810500026,0.746599972,0.099699996,0.66079998,0.675599992,0.703000009,0.769900024,0.730499983,0.109300002,0.665600002,0.661300004,0.721800029,0.809899986,0.743799984,0.097400002,0.66049999,0.675700009,0.708800018,0.782100022,0.730700016,0.097199999,0.669200003,0.665000021,0.73299998,0.8125,0.751100004,0.096299998,0.657800019,0.677299976,0.709200025,0.787599981,0.729799986,0.107900001,0.657599986,0.656099975,0.707700014,0.789499998,0.765999973,0.097599998,0.6426,0.6778,0.723399997,0.780700028,0.703100026,0.111400001,0.64230001,0.674799979,0.708700001,0.81190002,0.779600024,0.097499996,0.656000018,0.685699999,0.745199978,0.80430001,0.728999972,0.101400003,0.6602,0.653900027,0.712300003,0.798699975,0.774699986,0.099100001,0.651499987,0.686500013,0.731400013,0.793799996,0.738099992,0.098499998,0.656700015,0.648400009,0.722500026,0.796199977,0.774399996,0.097800002,0.65140003,0.683000028,0.728799999,0.799399972,0.732599974
16800.8s,0.111699998,0.677100003,0.701900005,0.750899971,0.823099971,0.773999989,0.098099999,0.694000006,0.70599997,0.728200018,0.775900006,0.768299997,0.102399997,0.700500011,0.701499999,0.75940001,0.830299973,0.77670002,0.099699996,0.698000014,0.711000025,0.735400021,0.785600007,0.758700013,0.109899998,0.701300025,0.696399987,0.755400002,0.830500007,0.776600003,0.097499996,0.698499978,0.711300015,0.742399991,0.797699988,0.757200003,0.097000003,0.706200004,0.702000022,0.76789999,0.832899988,0.783399999,0.096199997,0.69630003,0.712400019,0.739300013,0.805400014,0.758599997,0.108999997,0.693300009,0.690400004,0.730700016,0.809400022,0.796899974,0.097900003,0.6796,0.712899983,0.755299985,0.798300028,0.7324,0.113600001,0.680000007,0.709999979,0.741999984,0.83160001,0.812399983,0.097499996,0.693499982,0.719900012,0.771000028,0.821099997,0.758099973,0.101400003,0.69660002,0.68900001,0.745599985,0.816600025,0.805100024,0.099600002,0.686800003,0.718299985,0.762700021,0.809899986,0.768299997,0.098200001,0.693300009,0.682200015,0.754899979,0.81400001,0.804400027,0.097800002,0.686699986,0.717000008,0.761699975,0.816900015,0.762399971
17400.7s,0.1118,0.712499976,0.736199975,0.783200026,0.840600014,0.791999996,0.098099999,0.728399992,0.738099992,0.759800017,0.790000021,0.792800009,0.102300003,0.737800002,0.737399995,0.791299999,0.848500013,0.796000004,0.099799998,0.733399987,0.745700002,0.763999999,0.800599992,0.784300029,0.110699996,0.737900019,0.731899977,0.788299978,0.849900007,0.799199998,0.0977,0.735300004,0.746599972,0.774299979,0.813899994,0.787199974,0.098499998,0.745400012,0.739499986,0.800499976,0.852999985,0.806999981,0.096199997,0.733799994,0.748600006,0.772899985,0.824000001,0.790799975,0.1118,0.73119998,0.727400005,0.765200019,0.82980001,0.8204,0.097199999,0.717299998,0.74879998,0.78609997,0.816699982,0.757399976,0.110299997,0.718900025,0.746599972,0.776000023,0.851999998,0.836799979,0.097800002,0.732500017,0.755200028,0.803200006,0.837800026,0.785399973,0.1008,0.732599974,0.724799991,0.780099988,0.836899996,0.828299999,0.0999,0.723800004,0.751100004,0.795099974,0.825100005,0.794200003,0.098499998,0.728399992,0.715499997,0.788299978,0.832300007,0.827000022,0.097800002,0.722500026,0.751299977,0.794499993,0.833299994,0.792599976
18000.8s,0.112599999,0.748399973,0.771099985,0.81220001,0.85769999,0.807799995,0.098099999,0.763800025,0.771600008,0.790199995,0.8046,0.810100019,0.102300003,0.774699986,0.774699986,0.821399987,0.866599977,0.81220001,0.099699996,0.769900024,0.781899989,0.792900026,0.814800024,0.803200006,0.111500002,0.774900019,0.76730001,0.818099976,0.868300021,0.818400025,0.0977,0.770900011,0.782199979,0.804700017,0.828999996,0.806800008,0.097099997,0.780799985,0.774500012,0.829200029,0.871100008,0.826300025,0.096100003,0.770200014,0.783699989,0.802900016,0.839399993,0.810800016,0.109700002,0.766200006,0.762700021,0.79430002,0.84890002,0.840499997,0.097199999,0.754599988,0.782999992,0.815500021,0.833400011,0.772700012,0.112499997,0.753400028,0.781599998,0.806800008,0.871399999,0.85650003,0.098499998,0.769900024,0.790300012,0.83160001,0.853699982,0.802299976,0.103799999,0.76880002,0.760999978,0.811800003,0.855400026,0.848200023,0.099100001,0.7597,0.78549999,0.824199975,0.841499984,0.816399992,0.098399997,0.761500001,0.74849999,0.819199979,0.848699987,0.844600022,0.097800002,0.756099999,0.784699976,0.824199975,0.848999977,0.811200023
18600.8s,0.112300001,0.784799993,0.800899982,0.841099977,0.874499977,0.822899997,0.098099999,0.799000025,0.795799971,0.818700016,0.816999972,0.825800002,0.102300003,0.810599983,0.804899991,0.849399984,0.883599997,0.828999996,0.099799998,0.803600013,0.808000028,0.822600007,0.829299986,0.818599999,0.112400003,0.810500026,0.796700001,0.849099994,0.886500001,0.835300028,0.097900003,0.805999994,0.808799982,0.834299982,0.846400023,0.82099998,0.097199999,0.816699982,0.806800008,0.861199975,0.889299989,0.845899999,0.096199997,0.804700017,0.8125,0.833299994,0.855700016,0.826900005,0.109099999,0.800899982,0.791999996,0.826200008,0.868600011,0.859600008,0.0973,0.790499985,0.806800008,0.843400002,0.850099981,0.787599981,0.110399999,0.790799975,0.814599991,0.838400006,0.890500009,0.875999987,0.099299997,0.806599975,0.818300009,0.861100018,0.870800018,0.817600012,0.101400003,0.804700017,0.797399998,0.842299998,0.873700023,0.865800023,0.098700002,0.795099974,0.810199976,0.853299975,0.85710001,0.827700019,0.098300003,0.797599971,0.784500003,0.84799999,0.86589998,0.861500025,0.097800002,0.791999996,0.8125,0.854399979,0.867799997,0.827700019
19200.8s,0.1127,0.813000023,0.821799994,0.862699986,0.890299976,0.838400006,0.098399997,0.82190001,0.8125,0.842299998,0.830500007,0.840499997,0.102399997,0.8398,0.827199996,0.871100008,0.900300026,0.847199976,0.099600002,0.832700014,0.828000009,0.846499979,0.843699992,0.832099974,0.113700002,0.83920002,0.817499995,0.872500002,0.903500021,0.852900028,0.098099999,0.837899983,0.829999983,0.859700024,0.860899985,0.831900001,0.096900001,0.846199989,0.839600027,0.884500027,0.906300008,0.862100005,0.096199997,0.836600006,0.832799971,0.858900011,0.871500015,0.838999987,0.107799999,0.832400024,0.814300001,0.853200018,0.88499999,0.878000021,0.097400002,0.819400012,0.827799976,0.864600003,0.865499973,0.80250001,0.110200003,0.825600028,0.837899983,0.867600024,0.908800006,0.894699991,0.0986,0.837199986,0.840200007,0.88410002,0.885500014,0.833100021,0.100699998,0.839999974,0.82950002,0.873000026,0.890200019,0.882700026,0.098899998,0.825399995,0.828800023,0.87559998,0.873099983,0.843100011,0.098300003,0.831399977,0.810699999,0.876900017,0.881500006,0.877499998,0.097800002,0.819999993,0.830500007,0.879499972,0.882000029,0.843200028
19800.8s,0.111900002,0.835200012,0.839999974,0.879400015,0.908999979,0.853299975,0.098200001,0.843299985,0.8301,0.860499978,0.842100024,0.855000019,0.102499999,0.863699973,0.847899973,0.889199972,0.92110002,0.864099979,0.099799998,0.855599999,0.848200023,0.8653,0.857800007,0.845899999,0.115400001,0.863600016,0.837300003,0.892499983,0.926500022,0.870800018,0.098200001,0.865999997,0.84920001,0.879899979,0.876999974,0.843800008,0.097000003,0.870800018,0.850499988,0.905200005,0.925899982,0.879700005,0.096199997,0.862600029,0.853399992,0.879199982,0.887799978,0.851199985,0.107900001,0.85650003,0.834299982,0.875400007,0.905600011,0.895600021,0.097199999,0.844799995,0.846800029,0.881699979,0.881699979,0.816900015,0.111900002,0.856700003,0.85799998,0.89139998,0.927399993,0.912800014,0.097499996,0.862299979,0.859700024,0.903599977,0.901300013,0.847500026,0.101000004,0.865700006,0.852299988,0.897300005,0.906700015,0.899500012,0.0986,0.8477,0.847199976,0.892199993,0.886200011,0.857299984,0.098399997,0.857299984,0.830900013,0.900699973,0.897599995,0.893999994,0.0977,0.842599988,0.849600017,0.899699986,0.894200027,0.859300017
20400.7s,0.112999998,0.855300009,0.858099997,0.894299984,0.929199994,0.8671,0.098300003,0.861800015,0.846800029,0.874599993,0.855099976,0.868700027,0.102399997,0.883099973,0.866599977,0.906199992,0.941699982,0.879199982,0.099699996,0.874499977,0.86680001,0.880900025,0.872399986,0.860400021,0.116999999,0.883000016,0.856100023,0.9102,0.947099984,0.885500014,0.0986,0.887300014,0.867999971,0.897400022,0.890799999,0.856999993,0.097599998,0.891200006,0.870400012,0.922900021,0.950200021,0.895299971,0.096100003,0.883599997,0.872399986,0.896300018,0.903699994,0.864400029,0.108800001,0.877300024,0.853900015,0.893999994,0.931999981,0.913500011,0.0986,0.8653,0.866400003,0.898599982,0.903299987,0.831700027,0.112400003,0.881299973,0.877600014,0.911599994,0.95450002,0.930100024,0.098399997,0.889500022,0.8847,0.92049998,0.921299994,0.861800015,0.101199999,0.887600005,0.871900022,0.916800022,0.925700009,0.915899992,0.098999999,0.867799997,0.864400029,0.907899976,0.902499974,0.872900009,0.099299997,0.877399981,0.84890002,0.91869998,0.91140002,0.908999979,0.097800002,0.861100018,0.867399991,0.914600015,0.910099983,0.874499977
21000.8s,0.1118,0.872900009,0.875800014,0.908599973,0.942600012,0.880800009,0.098399997,0.878199995,0.862100005,0.888100028,0.867500007,0.881900012,0.102499999,0.901199996,0.885299981,0.921000004,0.95450002,0.89410001,0.0999,0.89349997,0.88499999,0.895399988,0.886200011,0.87379998,0.119400002,0.905399978,0.87379998,0.925499976,0.958299994,0.901499987,0.098800004,0.906799972,0.884899974,0.912800014,0.906400025,0.870400012,0.0977,0.9102,0.889199972,0.938399971,0.963199973,0.910399973,0.096299998,0.903699994,0.891700029,0.913299978,0.924300015,0.878700018,0.107799999,0.896799982,0.872799993,0.910700023,0.944800019,0.930999994,0.0973,0.884599984,0.885599971,0.912800014,0.921700001,0.845700026,0.111299999,0.901899993,0.896600008,0.927900016,0.970000029,0.946699977,0.099600002,0.902899981,0.898500025,0.935800016,0.941900015,0.875,0.1008,0.907899976,0.891200006,0.935100019,0.949199975,0.931400001,0.102600001,0.886600018,0.882600009,0.923300028,0.922399998,0.887899995,0.100400001,0.899699986,0.869700015,0.943099976,0.931800008,0.925999999,0.097800002,0.883300006,0.886900008,0.933000028,0.93690002,0.903500021
21600.7s,0.115699999,0.889699996,0.892400026,0.922299981,0.952199996,0.894500017,0.098399997,0.895099998,0.877200007,0.90200001,0.882200003,0.896399975,0.102499999,0.919099987,0.904200017,0.935400009,0.963400006,0.909200013,0.099799998,0.911599994,0.901199996,0.91049999,0.904399991,0.887399971,0.128700003,0.921500027,0.890500009,0.940599978,0.967400014,0.917200029,0.099299997,0.923900008,0.903100014,0.927600026,0.925000012,0.882700026,0.0973,0.927600026,0.907400012,0.953199983,0.973399997,0.926299989,0.096299998,0.922599971,0.908200026,0.927900016,0.940999985,0.890299976,0.108800001,0.914200008,0.889800012,0.925899982,0.95480001,0.952899992,0.097400002,0.904200017,0.903699994,0.927200019,0.931699991,0.85769999,0.110699996,0.920300007,0.914499998,0.943499982,0.979900002,0.9648,0.097999997,0.921599984,0.916999996,0.950800002,0.954100013,0.889199972,0.101099998,0.924600005,0.909200013,0.949400008,0.960300028,0.945800006,0.0986,0.903800011,0.896799982,0.935299993,0.939199984,0.900200009,0.098300003,0.913999975,0.88380003,0.949699998,0.952000022,0.939499974,0.097800002,0.897000015,0.900399983,0.943899989,0.950600028,0.901499987
22200.7s,0.113300003,0.905900002,0.908100009,0.936399996,0.959900022,0.908800006,0.098499998,0.9102,0.8926,0.914499998,0.898599982,0.908999979,0.102600001,0.940999985,0.921199977,0.949999988,0.97240001,0.927200019,0.099699996,0.929499984,0.917900026,0.923200011,0.919799984,0.900399983,0.128299996,0.93690002,0.907500029,0.95480001,0.976800025,0.934099972,0.099600002,0.944199979,0.920000017,0.941900015,0.939999998,0.896600008,0.0973,0.94599998,0.925800025,0.968800008,0.981299996,0.947399974,0.096199997,0.942099988,0.924000025,0.941699982,0.951799989,0.903999984,0.108599998,0.931999981,0.906899989,0.940699995,0.96509999,0.980099976,0.097499996,0.921999991,0.921000004,0.941799998,0.940699995,0.870899975,0.111100003,0.939599991,0.932600021,0.959200025,0.990700006,0.989499986,0.098999999,0.941799998,0.935100019,0.965900004,0.96329999,0.902199984,0.101300001,0.944000006,0.9278,0.965799987,0.970600009,0.963699996,0.098899998,0.923200011,0.915099978,0.951900005,0.950900018,0.915099978,0.098300003,0.933000028,0.901799977,0.966700017,0.963400006,0.95450002,0.0977,0.915899992,0.916999996,0.957599998,0.956200004,0.921999991
22800.7s,0.111599997,0.922200024,0.923099995,0.948800027,0.968599975,0.927600026,0.098499998,0.925000012,0.906799972,0.925700009,0.909500003,0.924600005,0.102499999,0.952600002,0.937399983,0.962100029,0.981100023,0.948000014,0.099799998,0.945599973,0.933300018,0.935500026,0.932200015,0.913200021,0.128700003,0.952300012,0.922599971,0.967899978,0.985700011,0.956099987,0.100299999,0.959299982,0.935599983,0.954999983,0.950299978,0.907999992,0.097099997,0.969200015,0.941399992,0.982599974,0.990499973,0.966300011,0.096699998,0.959399998,0.940699995,0.954999983,0.960900009,0.915899992,0.1083,0.948499978,0.922599971,0.953700006,0.973800004,0.988399982,0.097499996,0.938899994,0.93870002,0.954299986,0.948899984,0.887000024,0.109800003,0.955900013,0.947300017,0.971000016,0.999100029,1.002799988,0.097800002,0.958599985,0.951600015,0.978699982,0.970899999,0.915899992,0.100699998,0.959699988,0.943499982,0.978699982,0.978799999,0.985000014,0.098999999,0.939100027,0.92839998,0.961499989,0.958100021,0.929899991,0.098300003,0.948700011,0.915099978,0.977699995,0.971300006,0.974099994,0.097900003,0.930199981,0.931599975,0.970499992,0.96329999,0.946200013
23400.7s,0.111699998,0.936200023,0.938300014,0.959500015,0.976100028,0.940299988,0.098700002,0.938600004,0.921000004,0.936699986,0.920300007,0.943199992,0.102700002,0.967999995,0.953999996,0.9745,0.989799976,0.958899975,0.0999,0.961499989,0.951499999,0.94749999,0.940599978,0.927699983,0.133100003,0.967700005,0.937699974,0.980000019,0.994700015,0.966799974,0.101000004,0.9727,0.952099979,0.967800021,0.957300007,0.92049998,0.097099997,0.977500021,0.957799971,0.994899988,0.999599993,0.975799978,0.096900001,0.975799978,0.956900001,0.967800021,0.968299985,0.927100003,0.108199999,0.965200007,0.946500003,0.967400014,0.982299984,0.997799993,0.097499996,0.958299994,0.962000012,0.966899991,0.957400024,0.904999971,0.113300003,0.973200023,0.963800013,0.989499986,1.008100033,1.013000011,0.0995,0.975000024,0.970300019,0.988900006,0.978999972,0.9375,0.100699998,0.975899994,0.959999979,0.991599977,0.987200022,0.997200012,0.099100001,0.955600023,0.942399979,0.972899973,0.9648,0.949299991,0.098499998,0.962499976,0.930199981,0.989099979,0.978799999,0.989799976,0.097800002,0.9454,0.944599986,0.981299996,0.970300019,0.950100005
24000.7s,0.111900002,0.950800002,0.957799971,0.969399989,0.984000027,0.947799981,0.0986,0.951399982,0.93809998,0.946500003,0.926900029,0.954299986,0.102600001,0.982599974,0.977800012,0.985700011,0.997099996,0.966300011,0.0999,0.976199985,0.971499979,0.958100021,0.94690001,0.944899976,0.138699993,0.982500017,0.955500007,0.991100013,1.001999974,0.974399984,0.1017,0.987900019,0.973100007,0.977599978,0.96509999,0.932399988,0.097099997,0.992900014,0.981599987,1.007500052,1.007300019,0.980599999,0.096299998,0.99180001,0.976999998,0.978600025,0.976100028,0.940100014,0.111000001,0.986999989,0.965200007,0.978900015,0.990400016,1.006700039,0.0973,0.97390002,0.979900002,0.977999985,0.96509999,0.912800014,0.111100003,0.989300013,0.988499999,1.002099991,1.020400047,1.021900058,0.099100001,0.994499981,0.992500007,1.00030005,0.986400008,0.948400021,0.100699998,0.991400003,0.978200018,1.004400015,0.995199978,1.005800009,0.098999999,0.969399989,0.958000004,0.985000014,0.971800029,0.959100008,0.099799998,0.980199993,0.945599973,1.002099991,0.988300025,0.99940002,0.097800002,0.961600006,0.961000025,0.994199991,0.978100002,0.96359998
24600.7s,0.112800002,0.96450001,0.976599991,0.979600012,0.99119997,0.954100013,0.099100001,0.964299977,0.95480001,0.957899988,0.932900012,0.962000012,0.102700002,0.997399986,0.992500007,0.996800005,1.004400015,0.973999977,0.099799998,0.992200017,0.986899972,0.970200002,0.9551,0.956099987,0.144700006,0.997099996,0.977299988,1.002699971,1.009199977,0.982599974,0.102899998,1.006299973,0.987200022,0.989199996,0.97329998,0.951099992,0.097099997,1.010200024,0.998899996,1.027699947,1.014199972,0.984799981,0.0964,1.008299947,0.992799997,0.9903,0.98360002,0.957899988,0.108099997,1.010599971,0.976400018,0.991900027,0.998000026,1.01849997,0.097499996,0.991699994,0.989499986,0.989700019,0.973399997,0.91869998,0.111000001,1.004199982,1.004099965,1.014799953,1.022899985,1.030599952,0.0977,1.009299994,1.005200028,1.011600018,0.994199991,0.9551,0.100900002,1.005900025,1.001999974,1.015699983,1.003200054,1.014099956,0.099299997,0.983299971,0.977699995,0.995599985,0.979499996,0.964600027,0.099299997,0.992500007,0.961600006,1.011199951,0.994099975,1.006700039,0.097900003,0.973999977,0.980400026,1.002400041,0.983900011,0.966899991
25200.7s,0.111900002,0.980000019,0.986500025,0.989700019,0.997200012,0.960600019,0.098999999,0.977999985,0.965300024,0.967199981,0.939400017,0.968100011,0.102700002,1.020099998,1.001799941,1.010599971,1.010400057,0.981100023,0.100000001,1.012799978,0.996599972,0.980799973,0.961099982,0.962800026,0.151800007,1.015499949,0.988900006,1.016100049,1.015100002,0.99000001,0.1039,1.02670002,0.99879998,1.000699997,0.979600012,0.964699984,0.0973,1.031200051,1.008900046,1.036299944,1.020300031,0.992200017,0.0964,1.030400038,1.004500031,1.001600027,0.991400003,0.971499979,0.109300002,1.030599952,0.986100018,1.007699966,1.003499985,1.028399944,0.0973,1.012300014,0.998700023,1.006999969,0.979700029,0.925999999,0.111500002,1.020300031,1.021199942,1.030300021,1.029700041,1.037999988,0.098200001,1.037700057,1.014799953,1.02579999,1.001299977,0.959599972,0.1039,1.023399949,1.015599966,1.027999997,1.009600043,1.021600008,0.099100001,0.998899996,0.993700027,1.006399989,0.985400021,0.971499979,0.099399999,1.007400036,0.983900011,1.022300005,1.001099944,1.014000058,0.097900003,0.987100005,0.996999979,1.013599992,0.99089998,0.973399997
0s,1076,1425,1446,1431,1630,1487,1104,1532,1555,1437,1494,1429,1110,1464,1493,1481,1614,1492,1106,1551,1535,1413,1500,1468,1107,1446,1470,1497,1683,1491,1139,1576,1559,1470,1523,1451,1075,1458,1490,1521,1635,1526,1143,1581,1563,1465,1547,1498,1009,1435,1456,1436,1521,1539,1107,1487,1517,1439,1510,1344,1087,1497,1561,1499,1606,1621,1152,1549,1570,1502,1582,1478,1096,1527,1466,1473,1548,1542,1105,1488,1516,1468,1567,1428,1084,1499,1453,1410,1510,1534,1104,1476,1504,1469,1562,1421
600.9s,1074,1430,1421,1402,1632,1474,1110,1522,1540,1428,1491,1434,1115,1439,1484,1477,1614,1486,1113,1552,1525,1407,1512,1463,1104,1438,1466,1494,1684,1496,1144,1579,1551,1452,1528,1452,1067,1424,1492,1531,1642,1519,1151,1588,1572,1461,1546,1492,995,1446,1450,1427,1531,1547,1103,1493,1520,1438,1509,1335,1061,1469,1525,1466,1575,1593,1136,1529,1541,1477,1566,1452,1066,1489,1440,1440,1528,1530,1083,1476,1491,1455,1557,1427,1054,1488,1436,1405,1503,1511,1072,1465,1481,1444,1539,1408
1200.9s,1054,1421,1411,1405,1615,1444,1108,1499,1528,1430,1497,1440,1102,1441,1472,1475,1624,1496,1117,1557,1519,1409,1506,1464,1090,1438,1466,1485,1690,1486,1139,1568,1549,1451,1529,1451,1064,1432,1471,1517,1652,1526,1140,1574,1544,1457,1552,1481,983,1418,1449,1428,1519,1548,1110,1477,1513,1442,1501,1342,1061,1473,1542,1469,1599,1622,1140,1536,1546,1493,1589,1443,1068,1519,1456,1452,1541,1550,1103,1482,1509,1480,1565,1450,1044,1478,1440,1392,1506,1522,1070,1459,1469,1458,1553,1415
1800.9s,1048,1418,1400,1396,1606,1444,1105,1493,1511,1416,1500,1449,1096,1428,1462,1476,1629,1479,1101,1539,1513,1415,1525,1463,1087,1426,1463,1491,1686,1492,1137,1578,1540,1459,1547,1460,1060,1412,1483,1528,1644,1524,1139,1579,1533,1466,1561,1497,965,1392,1430,1389,1529,1529,1080,1475,1499,1422,1504,1322,1044,1438,1512,1457,1601,1595,1121,1520,1524,1464,1568,1421,1033,1488,1432,1428,1545,1548,1081,1466,1483,1456,1564,1428,1042,1487,1437,1400,1516,1522,1065,1446,1487,1465,1570,1403
2400.9s,1043,1410,1405,1406,1605,1451,1103,1498,1519,1425,1520,1453,1083,1429,1461,1464,1642,1484,1096,1546,1530,1413,1540,1480,1069,1425,1462,1489,1688,1496,1127,1574,1545,1452,1555,1480,1041,1395,1465,1495,1636,1507,1114,1564,1526,1455,1549,1483,961,1385,1435,1409,1522,1536,1088,1473,1475,1422,1513,1327,1032,1425,1509,1460,1611,1597,1113,1515,1523,1478,1595,1429,1029,1489,1432,1436,1553,1547,1072,1456,1491,1464,1580,1431,1037,1490,1447,1400,1526,1529,1061,1457,1475,1467,1570,1409
3000.9s,1043,1423,1415,1409,1616,1457,1077,1488,1510,1434,1536,1468,1077,1426,1460,1490,1646,1487,1095,1543,1527,1430,1549,1482,1068,1422,1455,1495,1713,1502,1139,1578,1540,1481,1563,1481,1050,1417,1474,1527,1676,1525,1128,1589,1555,1464,1572,1503,955,1386,1433,1420,1554,1547,1074,1462,1489,1456,1536,1325,1020,1427,1527,1465,1633,1620,1114,1518,1526,1491,1589,1450,1027,1486,1428,1436,1571,1568,1062,1454,1497,1473,1593,1437,1030,1494,1441,1422,1545,1544,1059,1451,1498,1476,1590,1422
3600.9s,1042,1421,1414,1429,1647,1475,1098,1493,1512,1453,1553,1499,1067,1410,1474,1494,1679,1492,1091,1569,1538,1430,1585,1496,1050,1410,1462,1500,1712,1507,1109,1564,1533,1464,1570,1483,1035,1397,1469,1519,1681,1530,1115,1567,1545,1467,1595,1522,955,1389,1435,1433,1568,1580,1081,1462,1502,1467,1561,1348,1018,1421,1528,1486,1650,1634,1106,1523,1535,1510,1632,1464,1019,1494,1425,1441,1593,1573,1064,1470,1503,1493,1621,1451,1029,1493,1452,1428,1580,1564,1056,1457,1497,1497,1626,1434
4200.9s,1027,1424,1442,1457,1689,1494,1084,1508,1533,1462,1595,1509,1068,1430,1477,1521,1731,1532,1094,1563,1547,1464,1614,1522,1044,1407,1470,1527,1751,1529,1105,1577,1554,1502,1613,1505,1032,1400,1474,1554,1742,1556,1095,1571,1559,1497,1624,1525,946,1386,1462,1456,1611,1596,1074,1490,1531,1481,1594,1371,1015,1434,1534,1500,1677,1657,1106,1524,1560,1519,1659,1483,1023,1515,1444,1475,1634,1603,1065,1487,1524,1518,1666,1473,1024,1514,1475,1436,1613,1572,1052,1479,1502,1505,1663,1448
4800.9s,1031,1450,1457,1481,1747,1521,1087,1519,1550,1492,1649,1541,1065,1440,1495,1559,1803,1562,1080,1578,1562,1496,1674,1556,1054,1440,1506,1587,1827,1599,1129,1619,1607,1538,1672,1555,1046,1427,1513,1600,1810,1607,1127,1620,1594,1537,1706,1568,952,1412,1480,1483,1668,1629,1073,1500,1540,1517,1641,1395,1011,1441,1559,1534,1741,1695,1107,1538,1581,1574,1731,1512,1017,1515,1459,1497,1690,1652,1068,1488,1556,1546,1719,1514,1022,1520,1480,1471,1654,1621,1055,1492,1532,1548,1718,1490
5400.9s,1035,1462,1476,1537,1824,1579,1088,1543,1582,1545,1731,1588,1062,1457,1516,1609,1883,1620,1090,1606,1596,1537,1754,1603,1044,1465,1534,1631,1918,1634,1122,1621,1629,1601,1751,1604,1039,1452,1540,1646,1895,1662,1119,1631,1627,1578,1766,1622,956,1424,1480,1536,1739,1697,1077,1516,1566,1582,1741,1430,1016,1447,1589,1583,1809,1756,1109,1562,1602,1623,1805,1555,1030,1539,1471,1540,1754,1681,1061,1514,1561,1598,1801,1552,1007,1538,1507,1515,1726,1673,1058,1505,1567,1581,1806,1528
6000.9s,1026,1492,1508,1587,1945,1654,1084,1572,1607,1598,1838,1649,1060,1493,1545,1672,1997,1686,1083,1626,1628,1594,1850,1653,1044,1485,1553,1702,2049,1698,1124,1654,1663,1650,1862,1676,1030,1461,1553,1712,1999,1701,1106,1635,1639,1631,1862,1665,943,1455,1528,1584,1835,1753,1081,1545,1611,1637,1829,1493,1007,1476,1623,1630,1909,1799,1102,1589,1643,1697,1918,1623,1026,1575,1504,1590,1848,1765,1067,1532,1614,1675,1901,1608,1010,1564,1550,1560,1829,1733,1049,1540,1592,1653,1903,1579
6600.8s,1028,1531,1568,1661,2110,1722,1082,1611,1661,1664,1993,1737,1070,1527,1597,1751,2190,1760,1079,1669,1684,1668,1997,1748,1044,1524,1618,1772,2197,1794,1118,1679,1704,1707,1989,1743,1040,1518,1631,1806,2169,1808,1128,1695,1717,1717,2010,1759,945,1486,1571,1668,1978,1852,1073,1575,1663,1723,1990,1575,1005,1513,1665,1701,2057,1916,1105,1638,1703,1776,2079,1687,1014,1600,1543,1643,1987,1854,1067,1582,1655,1740,2063, ,1013,1606,1593,1650,1960,1831,1054,1581,1666,1736,2082,1652
7200.8s,1032,1576,1623,1776,2300,1844,1075,1665,1723,1764,2182,1857,1055,1555,1670,1866,2372,1882,1094,1723,1747,1766,2206,1853,1029,1548,1669,1866,2396,1893,1095,1723,1760,1802,2177,1852,1025,1557,1660,1894,2372,1907,1102,1735,1780,1786,2200,1854,940,1528,1636,1765,2172,1994,1085,1632,1739,1837,2182,1673,1003,1544,1726,1806,2229,2029,1103,1682,1762,1889,2277,1801,1018,1646,1585,1729,2166,1974,1061,1629,1725,1840,2265,1813,1012,1651,1642,1733,2132,1955,1049,1647,1722,1854,2281,1768
7800.9s,1022,1640,1693,1905,2521,2002,1080,1727,1802,1886,2396,2018,1061,1629,1742,2012,2610,2037,1077,1794,1833,1878,2407,2011,1028,1625,1747,2003,2636,2045,1105,1795,1853,1918,2405,1994,1030,1613,1742,2038,2598,2072,1105,1800,1856,1913,2402,2003,946,1579,1712,1855,2372,2149,1080,1701,1822,1977,2407,1805,1003,1604,1786,1914,2457,2194,1098,1742,1843,2014,2507,1929,1007,1704,1644,1837,2380,2132,1066,1693,1812,1993,2487,1955,1015,1712,1705,1829,2347,2108,1050,1692,1797,1973,2477,1908
8400.8s,1016,1733,1812,2048,2773,2175,1080,1824,1933,2014,2634,2188,1045,1707,1856,2159,2863,2202,1082,1875,1952,2017,2635,2181,1037,1710,1846,2166,2907,2248,1125,1897,1981,2084,2645,2182,1030,1682,1853,2192,2847,2243,1106,1885,1962,2069,2632,2169,944,1668,1817,1983,2614,2325,1076,1780,1940,2138,2628,1964,1003,1668,1907,2050,2723,2393,1102,1837,1972,2181,2729,2105,1014,1787,1744,1986,2629,2318,1068,1785,1941,2156,2734,2122,1010,1805,1793,1961,2579,2294,1044,1789,1922,2129,2724,2084
9000.8s,1024,1840,1934,2211,3006,2376,1080,1943,2060,2171,2864,2400,1045,1809,1990,2332,3103,2431,1081,2006,2088,2194,2881,2369,1018,1811,1975,2314,3165,2446,1105,1998,2092,2238,2884,2358,1028,1804,1990,2351,3118,2455,1101,1996,2104,2221,2914,2382,941,1768,1936,2168,2885,2556,1075,1887,2090,2298,2876,2141,1000,1759,2034,2208,2968,2603,1105,1945,2115,2370,2990,2310,1013,1893,1840,2121,2902,2534,1057,1890,2079,2303,2970,2314,1001,1919,1918,2139,2839,2518,1056,1902,2060,2301,2983,2260
9600.8s,1019,1976,2090,2393,3280,2600,1071,2065,2227,2362,3117,2597,1047,1951,2137,2524,3399,2656,1085,2134,2242,2359,3129,2600,1017,1935,2134,2514,3447,2661,1099,2143,2254,2414,3147,2581,1024,1928,2135,2546,3401,2671,1091,2153,2241,2383,3173,2574,931,1883,2100,2321,3139,2781,1078,2039,2253,2490,3150,2353,1007,1876,2182,2386,3244,2828,1092,2085,2277,2544,3282,2512,1011,2033,1974,2279,3163,2778,1068,2034,2251,2498,3241,2556,1004,2020,2062,2287,3102,2738,1043,2048,2219,2486,3238,2488
10200.8s,1015,2113,2271,2583,3542,2840,1079,2241,2402,2535,3399,2824,1045,2080,2304,2723,3691,2901,1091,2302,2417,2546,3420,2818,1020,2091,2295,2712,3743,2912,1096,2320,2437,2601,3421,2814,1020,2063,2308,2738,3683,2937,1114,2312,2419,2595,3446,2814,945,2042,2260,2513,3432,3025,1084,2185,2457,2674,3410,2586,1001,2009,2373,2581,3546,3101,1094,2259,2452,2746,3541,2777,1024,2188,2125,2475,3438,3020,1068,2180,2411,2702,3493,2778,1012,2184,2243,2480,3366,2977,1054,2198,2389,2695,3540,2725
10800.8s,1006,2300,2462,2793,3827,3067,1067,2412,2603,2725,3661,3062,1046,2236,2474,2929,3983,3158,1083,2483,2627,2761,3656,3047,1025,2249,2503,2925,4036,3175,1100,2474,2641,2801,3697,3061,1035,2238,2502,2980,3987,3184,1101,2480,2645,2785,3745,3047,944,2190,2428,2703,3715,3269,1067,2360,2629,2897,3695,2816,999,2168,2558,2787,3839,3368,1095,2427,2667,2980,3804,3000,1012,2344,2292,2679,3734,3270,1065,2369,2625,2923,3788,3015,1002,2356,2411,2687,3668,3230,1049,2376,2595,2883,3805,2972
11400.8s,1018,2462,2649,2990,4097,3333,1072,2581,2786,2923,3913,3288,1046,2430,2681,3136,4252,3403,1080,2651,2831,2963,3939,3306,1021,2437,2706,3153,4356,3425,1099,2678,2841,3033,3976,3295,1022,2392,2693,3196,4286,3472,1102,2671,2829,3025,4008,3274,945,2360,2643,2902,4037,3524,1070,2569,2850,3134,3969,3053,1002,2339,2767,3015,4118,3627,1103,2629,2875,3190,4094,3264,1011,2519,2492,2903,4009,3522,1061,2556,2828,3144,4077,3274,1013,2546,2605,2883,3926,3494,1042,2575,2831,3122,4084,3190
12000.8s,1013,2673,2846,3189,4381,3553,1077,2783,3008,3158,4184,3558,1030,2623,2883,3356,4567,3649,1064,2854,3025,3150,4198,3527,1024,2648,2926,3379,4639,3703,1100,2883,3061,3249,4256,3530,1025,2606,2919,3420,4576,3755,1098,2862,3060,3242,4297,3534,940,2546,2834,3106,4297,3828,1077,2752,3069,3330,4218,3296,1008,2531,2980,3220,4445,3914,1102,2827,3108,3417,4398,3504,1018,2733,2686,3102,4323,3809,1066,2764,3061,3362,4351,3510,998,2742,2815,3111,4235,3766,1044,2774,3038,3329,4388,3428
12600.8s,1004,2880,3073,3387,4672,3805,1070,2988,3217,3349,4441,3809,1044,2838,3107,3581,4895,3936,1089,3080,3263,3379,4501,3788,1020,2836,3157,3594,4976,3957,1110,3078,3287,3448,4568,3785,1019,2803,3148,3653,4918,4021,1105,3090,3283,3481,4592,3781,948,2730,3056,3358,4642,4059,1074,2971,3306,3563,4555,3553,1000,2715,3201,3450,4772,4185,1094,3033,3361,3615,4688,3770,1017,2957,2902,3317,4653,4066,1059,2986,3302,3575,4636,3823,1014,2966,3032,3302,4536,4010,1047,3005,3282,3548,4698,3690
13200.8s,1008,3083,3304,3613,5020,4062,1068,3205,3461,3553,4741,4016,1031,3055,3343,3818,5250,4188,1082,3283,3503,3598,4815,4029,1028,3059,3398,3815,5319,4238,1102,3295,3541,3687,4869,4027,1020,3038,3405,3885,5277,4287,1100,3308,3527,3666,4915,4015,938,2924,3321,3593,4973,4368,1081,3203,3573,3773,4875,3795,995,2925,3460,3695,5128,4485,1099,3280,3589,3848,5032,4014,1014,3174,3119,3529,4969,4356,1066,3215,3526,3814,4947,4091,1001,3178,3248,3533,4850,4275,1038,3222,3497,3769,5024,4035
13800.8s,1009,3317,3528,3827,5356,4313,1067,3423,3702,3786,5064,4278,1047,3271,3584,4043,5617,4478,1083,3534,3751,3816,5128,4273,1019,3289,3624,4059,5689,4527,1103,3540,3765,3909,5202,4261,1019,3258,3658,4118,5658,4558,1099,3521,3786,3899,5249,4272,941,3141,3571,3833,5360,4666,1077,3435,3803,4013,5188,4052,1000,3148,3713,3903,5498,4751,1109,3515,3858,4096,5377,4297,1012,3398,3335,3769,5353,4648,1060,3441,3789,4039,5303,4366,1004,3382,3504,3734,5190,4571,1044,3451,3775,4001,5369,4325
14400.8s,1007,3537,3766,4057,5705,4556,1067,3635,3970,4013,5399,4527,1052,3507,3854,4298,5948,4761,1080,3739,4006,4032,5464,4546,1026,3508,3897,4315,6014,4800,1103,3761,4042,4134,5597,4528,1023,3506,3945,4387,6019,4869,1112,3784,4075,4142,5609,4515,936,3389,3814,4032,5744,4985,1080,3694,4090,4259,5563,4325,1001,3355,3992,4141,5900,5093,1104,3779,4129,4317,5719,4582,1010,3642,3613,3984,5728,4920,1065,3725,4064,4273,5663,4688,1008,3617,3738,3953,5595,4851,1035,3673,4039,4225,5759,4597
15000.8s,1008,3782,4064,4289,6052,4863,1077,3867,4199,4242,5705,4825,1043,3768,4118,4533,6325,5096,1087,4012,4307,4281,5804,4829,1020,3757,4170,4559,6420,5148,1098,4021,4336,4389,5879,4831,1020,3757,4191,4640,6380,5219,1103,4049,4342,4375,5939,4802,937,3643,4106,4309,6076,5324,1080,3957,4387,4499,5932,4637,996,3592,4247,4397,6280,5413,1103,4036,4419,4596,6084,4876,1006,3903,3863,4258,6069,5230,1065,3948,4315,4535,6007,4974,1002,3871,4018,4199,5937,5152,1053,3942,4313,4477,6058,4912
15600.8s,1005,4046,4320,4523,6373,5145,1066,4111,4472,4479,6014,5109,1019,4011,4408,4803,6670,5365,1071,4248,4571,4491,6097,5113,1025,4051,4481,4819,6756,5448,1103,4293,4599,4639,6239,5110,1021,4016,4518,4883,6758,5517,1105,4299,4638,4639,6325,5073,930,3875,4421,4542,6447,5691,1076,4258,4657,4759,6268,4920,1003,3853,4563,4662,6666,5751,1104,4330,4734,4880,6431,5164,1008,4178,4143,4488,6468,5572,1057,4230,4613,4757,6304,5308,994,4150,4300,4443,6295,5460,1042,4195,4593,4753,6400,5211
16200.8s,1009,4296,4631,4745,6672,5439,1070,4377,4802,4712,6270,5453,1018,4262,4699,5066,6980,5693,1063,4525,4894,4748,6394,5419,1014,4292,4810,5107,7092,5751,1109,4557,4934,4870,6556,5420,1011,4305,4839,5184,7041,5877,1097,4571,4945,4902,6626,5410,932,4146,4730,4846,6813,5982,1077,4519,5019,5037,6572,5242,992,4119,4880,4931,7014,6078,1095,4611,5043,5116,6744,5484,1013,4418,4440,4741,6801,5944,1062,4500,4927,4999,6621,5629,1001,4388,4568,4686,6622,5802,1044,4482,4902,5018,6748,5534
16800.8s,1006,4600,4940,4996,6931,5735,1067,4615,5127,4961,6498,5720,1035,4585,5059,5317,7255,5980,1079,4794,5243,5003,6656,5696,1031,4601,5129,5366,7442,6083,1100,4870,5266,5136,6829,5705,1009,4594,5182,5452,7384,6185,1109,4859,5302,5167,6937,5720,931,4408,5067,5136,7149,6320,1071,4854,5357,5309,6866,5519,996,4387,5236,5237,7337,6455,1093,4962,5418,5405,7025,5775,1016,4714,4764,5024,7097,6229,1066,4830,5266,5276,6878,5886,1002,4689,4892,4953,6931,6125,1044,4762,5241,5280,7003,5868
17400.7s,999,4884,5279,5251,7199,5955,1067,4908,5429,5209,6725,5966,1040,4897,5399,5615,7535,6267,1080,5110,5570,5268,6884,5999,1024,4886,5481,5658,7678,6375,1104,5152,5651,5433,7092,5952,1018,4894,5529,5752,7644,6466,1101,5182,5673,5444,7167,5985,920,4725,5457,5435,7403,6645,1080,5182,5751,5575,7124,5831,997,4680,5602,5524,7641,6721,1096,5266,5773,5665,7289,6102,1010,5027,5089,5297,7434,6546,1068,5125,5603,5548,7152,6229,995,4961,5189,5221,7205,6408,1042,5053,5595,5562,7241,6113
18000.8s,1000,5198,5637,5510,7437,6233,1067,5195,5806,5471,6941,6235,1018,5214,5756,5880,7820,6508,1062,5434,5963,5524,7120,6266,1028,5207,5828,5938,7933,6638,1098,5480,5966,5695,7296,6221,1014,5206,5914,6064,7915,6742,1106,5528,6031,5731,7458,6259,937,5060,5827,5682,7697,6927,1083,5509,6077,5851,7367,6065,995,5005,5976,5779,7948,7001,1103,5644,6140,5948,7525,6369,1012,5333,5486,5561,7691,6848,1060,5411,5974,5830,7393,6512,996,5258,5528,5482,7462,6690,1031,5347,5936,5819,7492,6449
18600.8s,1013,5492,5920,5769,7644,6430,1074,5511,6056,5754,7139,6472,1028,5505,6068,6140,8041,6760,1080,5783,6213,5816,7330,6493,1029,5485,6135,6238,8194,6888,1097,5820,6309,5965,7544,6438,1010,5529,6239,6298,8185,6971,1106,5850,6327,6007,7681,6497,934,5370,6119,6001,7946,7155,1076,5871,6334,6122,7610,6318,987,5311,6328,6088,8240,7296,1101,5971,6440,6241,7761,6597,1002,5703,5841,5887,7939,7093,1064,5761,6210,6121,7594,6754,990,5563,5886,5769,7680,6928,1044,5690,6244,6107,7691,6715
19200.8s,997,5797,6122,6010,7879,6657,1061,5777,6283,5983,7303,6695,1028,5790,6301,6372,8270,7016,1078,6068,6438,6050,7507,6684,1029,5787,6364,6442,8437,7122,1101,6146,6533,6200,7762,6648,1014,5815,6487,6568,8416,7263,1106,6150,6611,6242,7884,6712,930,5654,6397,6245,8228,7456,1077,6150,6591,6349,7844,6549,998,5672,6559,6381,8479,7581,1099,6310,6697,6458,7995,6845,1007,6011,6171,6113,8177,7338,1056,6078,6474,6346,7804,6968,993,5905,6212,6026,7927,7189,1043,5972,6442,6331,7911,6965
19800.8s,998,6033,6371,6129,8106,6843,1063,5964,6523,6165,7510,6897,1029,6022,6551,6561,8524,7239,1081,6307,6702,6214,7705,6921,1043,6036,6627,6631,8734,7367,1102,6389,6848,6408,7949,6814,1013,6036,6769,6756,8682,7514,1107,6440,6860,6467,8128,6929,927,5896,6647,6457,8501,7671,1085,6362,6855,6501,8050,6768,985,5960,6839,6614,8737,7839,1092,6525,6942,6647,8160,7055,1011,6300,6375,6385,8432,7584,1055,6294,6707,6498,7997,7228,991,6212,6398,6202,8146,7402,1041,6198,6696,6524,8159,7191
20400.7s,1002,6200,6599,6353,8327,7034,1058,6173,6750,6335,7685,7104,1033,6237,6811,6744,8751,7431,1080,6468,6943,6394,7930,7110,1043,6215,6861,6834,8957,7636,1104,6613,7057,6614,8175,7039,1012,6238,7028,6964,8971,7744,1110,6655,7083,6665,8360,7116,935,6110,6858,6678,8790,7972,1078,6610,7119,6695,8270,6939,996,6217,7106,6817,9014,8094,1100,6769,7195,6856,8429,7266,1011,6524,6689,6574,8703,7832,1060,6497,6927,6685,8252,7419,984,6397,6678,6412,8379,7634,1043,6413,6946,6737,8367,7378
21000.8s,1003,6365,6847,6521,8522,7219,1064,6340,6929,6519,7822,7279,1027,6447,7070,6936,8950,7669,1075,6728,7154,6588,8097,7273,1049,6443,7116,7054,9195,7839,1109,6825,7296,6789,8351,7197,1012,6490,7308,7147,9135,7987,1105,6877,7353,6864,8582,7295,933,6305,7149,6892,8991,8224,1076,6837,7348,6891,8518,7129,990,6402,7348,6955,9215,8350,1104,7016,7487,7027,8637,7464,1001,6739,6947,6748,8921,8021,1062,6760,7172,6865,8437,7642,994,6597,6926,6604,8592,7829,1037,6610,7118,6927,8572,7639
21600.7s,989,6589,7063,6669,8673,7401,1066,6513,7117,6687,8014,7446,1013,6613,7282,7124,9096,7859,1064,6920,7393,6751,8267,7453,1056,6606,7348,7249,9334,8016,1102,7044,7509,6994,8611,7362,1013,6670,7551,7401,9343,8153,1109,7216,7537,7039,8726,7475,928,6537,7378,7106,9199,8466,1077,7096,7592,7071,8682,7298,986,6661,7596,7212,9453,8577,1101,7234,7702,7242,8809,7677,999,6967,7168,6979,9132,8233,1057,6930,7355,7035,8601,7815,996,6843,7122,6777,8870,8044,1036,6779,7368,7108,8765,7831
22200.7s,996,6821,7263,6853,8873,7567,1058,6714,7277,6815,8192,7636,1021,6805,7477,7305,9263,8045,1076,7134,7581,6923,8479,7625,1077,6822,7503,7411,9532,8221,1100,7264,7698,7190,8737,7570,1015,6868,7766,7575,9510,8368,1105,7308,7761,7247,8950,7657,920,6762,7632,7290,9382,8611,1070,7297,7821,7260,8866,7527,993,6892,7794,7418,9652,8786,1084,7474,7938,7384,9003,7812,1000,7191,7464,7172,9338,8494,1061,7166,7520,7220,8788,8005,992,7019,7361,7003,8987,8259,1048,7007,7530,7287,8986,7894
22800.7s,994,6982,7432,6973,8991,7737,1061,6868,7462,6986,8388,7815,1025,7016,7666,7441,9420,8243,1080,7307,7787,7092,8661,7809,1083,7001,7690,7602,9619,8450,1107,7442,7849,7309,8922,7732,1019,7028,7926,7772,9674,8575,1109,7523,7923,7402,9077,7791,920,6930,7803,7475,9546,8793,1076,7503,8008,7443,8997,7706,990,7116,8009,7594,9821,9012,1099,7674,8126,7580,9180,8027,1003,7414,7634,7350,9460,8684,1060,7352,7694,7395,8924,8184,984,7216,7506,7173,9215,8477,1040,7163,7726,7458,9082,8152
23400.7s,998,7121,7581,7121,9114,7895,1056,7011,7654,7098,8468,8002,1006,7212,7851,7620,9628,8412,1066,7508,7958,7257,8768,8009,1097,7208,7910,7777,9798,8613,1104,7609,8096,7512,9099,7878,1016,7196,8161,7936,9838,8768,1104,7732,8131,7614,9246,7969,922,7133,8020,7685,9731,9004,1083,7707,8249,7636,9143,7876,989,7298,8212,7767,9992,9172,1095,7874,8335,7757,9297,8168,1004,7601,7803,7510,9612,8847,1061,7541,7907,7564,9103,8406,994,7423,7706,7345,9338,8678,1034,7363,7945,7637,9254,8252
24000.7s,996,7308,7783,7282,9236,8023,1061,7161,7790,7252,8610,8149,1005,7395,8109,7788,9724,8592,1060,7664,8161,7446,8911,8146,1112,7357,8125,7945,9972,8742,1105,7790,8238,7647,9210,8041,1011,7424,8369,8138,9954,8883,1095,7912,8361,7744,9372,8161,924,7257,8227,7850,9868,9145,1072,7921,8399,7764,9239,8026,987,7482,8388,7935,10117,9363,1095,8061,8572,7891,9401,8355,998,7786,8034,7680,9775,9041,1054,7686,8090,7698,9259,8503,978,7592,7919,7518,9464,8819,1037,7546,8073,7792,9365,8526
24600.7s,991,7456,7962,7442,9378,8132,1056,7331,7957,7413,8685,8304,1008,7531,8278,7954,9870,8715,1064,7862,8337,7554,9043,8283,1151,7540,8276,8107,10109,8903,1108,8031,8480,7831,9315,8212,1013,7587,8550,8277,10100,9026,1099,8117,8534,7924,9514,8338,921,7442,8390,8082,10006,9322,1078,8097,8567,7908,9431,8187,990,7661,8561,8123,10268,9548,1103,8286,8755,8056,9547,8532,992,8005,8203,7906,9955,9187,1062,7882,8286,7845,9354,8679,976,7777,8143,7679,9670,8999,1035,7729,8264,7937,9568,8647
25200.7s,986,7636,8125,7564,9508,8279,1055,7489,8103,7568,8849,8378,996,7788,8433,8112,9938,8832,1063,8038,8495,7746,9210,8432,1174,7746,8479,8296,10203,9042,1122,8194,8649,7985,9464,8377,1013,7772,8720,8463,10223,9163,1098,8312,8668,8068,9621,8490,929,7669,8572,8223,10117,9479,1072,8304,8751,8106,9584,8300,982,7867,8739,8324,10405,9687,1087,8477,8871,8239,9748,8602,1002,8196,8462,8058,10092,9314,1065,8110,8476,8009,9501,8809,981,7943,8306,7848,9745,9087,1038,7858,8450,8135,9667,8866